AQSID,Parameter_name,Site_code,Site_name,Status,Agency_ID,Agency_name,EPA_region,Latitude,Longitude,Elevation,GMT_offset,Country_code,MSA_code,MSA_name,State_code,State_name,County_code,County_name,Extra_fields,Monitoring_Site_ID
80039SE02,PM2.5,SE02,Juarez,Active,SMA,Sistema Integral de Monitoreo Ambiental,MX,25.64611,-100.09556,118,-6,MX,NA,NA,80,MX,039,NUEVO LEON,|,80-039-SE02
480610006,PM2.5,0006,Brownsville C80,Active,TX1,Texas Commission on Environmental Quality,R6,25.8925,-97.4936,6.1,-6,US,15180,"Brownsville-Harlingen, TX",48,TX,061,CAMERON,|,48-061-0006
484790313,PM2.5,0313,Laredo C313,Active,TX1,Texas Commission on Environmental Quality,R6,27.5994,-99.5333,390.4,-6,US,29700,"Laredo, TX",48,TX,479,WEBB,|,48-479-0313
KM1010001,PM2.5,0001,Embassy Kathmandu,Active,KM1,U.S. Department of State Nepal - Kathmandu,DSNP,27.738703,85.336206,0,5.75,NP,NA,NA,na,N/A,N/A,N/A,|,na-N/A-0001
483550025,PM2.5,0025,Corpus Christi West C4,Active,TX1,Texas Commission on Environmental Quality,R6,27.765335,-97.434247,12.2,-6,US,18580,"Corpus Christi, TX",48,TX,355,NUECES,|,48-355-0025
120570112,PM2.5,0112,APOLLO BEACH,Active,FL4,Hillsborough County - Tampa ,R4,27.779712,-82.419835,0,-5,US,45300,"Tampa-St. Petersburg-Clearwater, FL",12,FL,057,HILLSBOROUGH,|,12-057-0112
211990003,PM2.5,0003,SOMERST,Active,KY1,Kentucky DEP,R4,37.097801,-84.611702,0,-5,US,43700,"Somerset, KY",21,KY,199,PULASKI,|,21-199-0003
060210003,PM2.5,0003,Willows-Colusa,Active,CA8,California Air Resources Board,R9,39.53387,-122.190834,13.7,-8,US,NA,NA,06,CA,021,GLENN,|,06-021-0003
100032004,PM2.5,2004,MLK,Active,DE1,Delaware Dept. of Natural Resources and Environment,R3,39.739444,-75.558056,0,-5,US,37980,"Philadelphia-Camden-Wilmington, PA-NJ-DE-MD",10,DE,003,NEW CASTLE,|,10-003-2004
391130038,PM2.5,0038,Sinclair,Active,OH1,Ohio EPA-DAPC,R5,39.758235,-84.197375,0,-5,US,19380,"Dayton, OH",39,OH,113,MONTGOMERY,|,39-113-0038
261630033,PM2.5,0033,DEARBORN,Active,MI1,"Michigan Department of Environment, Great Lakes, and Energy",R5,42.3075,-83.15,390.4,-5,US,19820,"Detroit-Warren-Livonia, MI",26,MI,163,WAYNE,|,26-163-0033
160590004,PM2.5,0004,Salmon PM2.5,Active,ID1,Idaho Department of Environmental Quality,R10,45.181907,-113.890285,1200.2,-7,US,NA,NA,16,ID,059,LEMHI,|,16-059-0004
CC0050126,PM2.5,0126,Sainte-Anne-de-Bellevue,Active,QC2,Canada-Quebec2,CA,45.426509,-73.928944,0,-5,CA,NA,NA,na,N/A,N/A,N/A,|,na-N/A-0126
300750001,PM2.5,0001,Broadus,Active,MT1,Montana DEQ,R8,45.440295,-105.37028,0,-7,US,NA,NA,30,MT,075,POWDER RIVER,|,30-075-0001
530650005,PM2.5,0005,Colville-E 1st St,Active,WA1,Washington Department of Ecology,R10,48.54469,-117.903222,488.3,-8,US,NA,NA,53,WA,065,STEVENS,|,53-065-0005
380130004,PM2.5,0004,Lostwood NWR,Active,ND1,North Dakota Department of Environmental Quality,R8,48.641899,-102.402199,696.3,-6,US,NA,NA,38,ND,013,BURKE,|,38-013-0004
80039NE01,PM2.5,NE01,San Nicolas,Active,SMA,Sistema Integral de Monitoreo Ambiental,MX,25.745,-100.25472,152.5,-6,MX,NA,NA,80,MX,039,NUEVO LEON,|,80-039-NE01
840120115005,PM2.5,5005,Coconut Creek,Active,FL2,Broward County Natural Resources Division,R4,26.29405,-80.17634,0,-5,US,33100,"Miami-Fort Lauderdale-Miami Beach, FL",12,FL,011,BROWARD,|,12-011-5005
482730314,PM2.5,0314,Corpus Christi - National Seashore C314,Active,TX1,Texas Commission on Environmental Quality,R6,27.4269,-97.2986,390.4,-6,US,28780,"Kingsville, TX",48,TX,273,KLEBERG,|,48-273-0314
TT0328801,PM2.5,8801,Catawba Indian Nation,Active,CAT,Catawba Indian Nation,R4,34.91263,-80.874283,0,-5,US,16740,"Charlotte-Gastonia-Concord, NC-SC",45,SC,091,YORK,|,45-091-8801
100031003,PM2.5,1003,RIVER ROAD PARK; BELLEFONTE,Active,DE1,Delaware Dept. of Natural Resources and Environment,R3,39.7611,-75.4919,0,-5,US,37980,"Philadelphia-Camden-Wilmington, PA-NJ-DE-MD",10,DE,003,NEW CASTLE,|,10-003-1003
000031101,PM2.5,1101,KENTVILLE,Active,NS1,Canada-Nova Scotia1,CA,45.067284,-64.477425,0,-4,CA,NA,NA,00,CC,003,NOVA SCOTIA,|,00-003-1101
410630001,PM2.5,0001,Enterprise - US Forest Service,Active,OR1,Oregon Dept. of Environmental Quality,R10,45.426351,-117.296066,1163.6,-8,US,NA,NA,41,OR,063,WALLOWA,|,41-063-0001
CC0050136,PM2.5,0136,St-Dominique,Active,QC2,Canada-Quebec2,CA,45.512189,-73.566872,0,-5,CA,NA,NA,na,N/A,N/A,N/A,|,na-N/A-0136
840410510035,PM2.5,0035,Portland SE 12th and Salmon,Active,OR1,Oregon Dept. of Environmental Quality,R10,45.51421,-122.653294,14.9,-8,US,38900,"Portland-Vancouver-Beaverton, OR-WA",41,OR,051,MULTNOMAH,|,41-051-0035
000106701,PM2.5,6701,Crofton Substation,Active,BC1,British Columbia Ministry of Environment,CA,48.874529,-123.653929,40,-8,CA,NA,NA,00,CC,010,BRITISH COLUMBIA,|,00-010-6701
000100134,PM2.5,0134,Vancouver Airport,Active,BC2,Metro Vancouver,CA,49.18639,-123.15222,0.9,-8,CA,NA,NA,00,CC,010,BRITISH COLUMBIA,|,00-010-0134
120830003,PM2.5,0003,YMCA - Marion County,Active,FL1,Florida Dept. of Environmental Protection,R4,29.170799,-82.1008,0,-5,US,36100,"Ocala, FL",12,FL,083,MARION,|,12-083-0003
482151046,PM2.5,1046,Edinburg C1046,Active,TX1,Texas Commission on Environmental Quality,R6,26.288622,-98.152066,9.8,-6,US,32580,"McAllen-Edinburg-Mission, TX",48,TX,215,HIDALGO,|,48-215-1046
121030018,PM2.5,0018,Azalea,Active,FL1,Florida Dept. of Environmental Protection,R4,27.7858,-82.74,0,-5,US,45300,"Tampa-St. Petersburg-Clearwater, FL",12,FL,103,PINELLAS,|,12-103-0018
840133030001,PM2.5,0001,Sandersville,Active,GA1,Georgia Department of Natural Resources,R4,32.9672,-82.807,0,-5,US,NA,NA,13,GA,303,WASHINGTON,|,13-303-0001
060250007,PM2.5,0007,Brawley - 220 Main Street,Active,CA0,Imperial County Air Pollution Control District,R9,32.978298,-115.5383,0,-8,US,20940,"El Centro, CA",06,CA,025,IMPERIAL,|,06-025-0007
840060731017,PM2.5,1017,San Diego - Rancho Carmel Drive,Active,CA4,San Diego APCD,R9,32.985442,-117.08218,219,-8,US,41740,"San Diego-Carlsbad-San Marcos, CA",06,CA,073,SAN DIEGO,|,06-073-1017
240230002,PM2.5,0002,Piney Run,Active,MD1,Maryland Department of the Environment,R3,39.705799,-79.011902,764.6,-5,US,NA,NA,24,MD,023,GARRETT,|,24-023-0002
840410150002,PM2.5,0002,Brookings CPFA,Active,OR1,Oregon Dept. of Environmental Quality,R10,42.054597,-124.276768,0,-8,US,NA,NA,41,OR,015,CURRY,|,41-015-0002
250130008,PM2.5,0008,CHICOPEE,Active,MA1,Massachusetts Dept. of Environmental Protection,R1,42.194401,-72.555603,0,-5,US,44140,"Springfield, MA",25,MA,013,HAMPDEN,|,25-013-0008
560150004,PM2.5,0004,Fort Laramie National Historic Site,Active,NPS,National Park Service,USEPA,42.209167,-104.548611,0,-7,US,NA,NA,56,WY,015,GOSHEN,|,56-015-0004
250250002,PM2.5,0002,BOSTON-KENMORE,Active,MA1,Massachusetts Dept. of Environmental Protection,R1,42.3489,-71.097702,0,-5,US,14460,"Boston-Cambridge-Quincy, MA-NH",25,MA,025,SUFFOLK,|,25-025-0002
000063301,PM2.5,3301,Dorset,Active,ON1,Ontario Ministry of the Environment,CA,45.224278,-78.932944,0,-5,CA,NA,NA,00,CC,006,ONTARIO,|,00-006-3301
CC0040209,PM2.5,0209,CASTLE ST. SAINT JO,Active,NB1,Canada-New Brunswick1,CA,45.280278,-66.056111,29.9,-4,CA,NA,NA,00,CC,004,NEW BRUNSWICK,|,00-004-0209
410670005,PM2.5,0005,Portland Near Road,Active,OR1,Oregon Dept. of Environmental Quality,R10,45.39916,-122.7455,0,-8,US,38900,"Portland-Vancouver-Beaverton, OR-WA",41,OR,067,WASHINGTON,|,41-067-0005
840410510031,PM2.5,0031,Gresham Centennial HS,Active,OR1,Oregon Dept. of Environmental Quality,R10,45.4962,-122.4834,80.8,-8,US,NA,NA,41,OR,051,MULTNOMAH,|,41-051-0031
000100304,PM2.5,0304,Victoria Topaz,Active,BC1,British Columbia Ministry of Environment,CA,48.441942,-123.363165,31.1,-8,CA,NA,NA,00,CC,010,BRITISH COLUMBIA,|,00-010-0304
000100128,PM2.5,0128,Richmond South,Active,BC2,Metro Vancouver,CA,49.14139,-123.10833,0,-8,CA,NA,NA,00,CC,010,BRITISH COLUMBIA,|,00-010-0128
000100110,PM2.5,0110,Kensington Park,Active,BC2,Metro Vancouver,CA,49.2794,-122.9711,133,-8,CA,NA,NA,00,CC,010,BRITISH COLUMBIA,|,00-010-0110
80039SO01,PM2.5,SO01,Santa Catarina,Active,SMA,Sistema Integral de Monitoreo Ambiental,MX,25.675,-100.45833,219,-6,MX,NA,NA,80,MX,039,NUEVO LEON,|,80-039-SO01
120860034,PM2.5,0034,Kendal,Active,FL1,Florida Dept. of Environmental Protection,R4,25.686944,-80.686944,2.7,-5,US,33100,"Miami-Fort Lauderdale-Miami Beach, FL",12,FL,086,MIAMI - DADE,|,12-086-0034
840120990022,PM2.5,0022,Lamstein Lane,Active,FL1,Florida Dept. of Environmental Protection,R4,26.687606,-80.219619,0,-5,US,NA,NA,12,FL,099,PALM BEACH,|,12-099-0022
840450190020,PM2.5,0020,North Charleston F.S.,Active,SC1,South Carolina DES,R4,32.84,-79.96,0,-5,US,NA,NA,45,SC,019,CHARLESTON,|,45-019-0020
040213015,PM2.5,3015,Hidden Valley,Active,AZ4,Pinal County Air Quality Control District,R9,32.884761,-112.03705,0,-7,US,NA,NA,04,AZ,021,PINAL,|,04-021-3015
ALG010001,PM2.5,0001,Algiers,Active,ALG,U.S. Department of State Algeria - Algiers,DSAG,36.755798,3.039114,0,1,AG,NA,NA,na,N/A,N/A,N/A,|,na-N/A-0001
080677003,PM2.5,7003,Ute 3,Active,UTS,Southern Ute Tribe,R8,37.10258,-107.870219,585.6,-7,US,20420,"Durango, CO",08,CO,067,LA PLATA,|,08-067-7003
060072001,PM2.5,2001,Paradise - Birch Street,Active,BUT,Butte County Air Quality Management District,R9,39.7539,-121.6244,0,-8,US,17020,"Chico, CA",06,CA,007,BUTTE,|,06-007-2001
171110001,PM2.5,0001,CARY,Active,IL1,Illinois EPA,R5,42.2211,-88.2411,0,-6,US,16980,"Chicago-Naperville-Joliet, IL-IN-WI",17,IL,111,MC HENRY,|,17-111-0001
410290201,PM2.5,0201,Talent - Rapp Lane,Active,OR1,Oregon Dept. of Environmental Quality,R10,42.229891,-122.7877,594.4,-8,US,32780,"Medford, OR",41,OR,029,JACKSON,|,41-029-0201
840410290029,PM2.5,0029,Medford Jackson Park,Active,OR1,Oregon Dept. of Environmental Quality,R10,42.332037,-122.890678,417.2,-8,US,32780,"Medford, OR",41,OR,029,JACKSON,|,41-029-0029
410050102,PM2.5,0102,Multorpor,Active,OR1,Oregon Dept. of Environmental Quality,R10,45.28845,-121.782775,1547.9,-8,US,NA,NA,41,OR,005,CLACKAMAS,|,41-005-0102
410610123,PM2.5,0123,La Grande Hall & N Sts,Active,OR1,Oregon Dept. of Environmental Quality,R10,45.3235,-118.0778,844.5,-8,US,29260,"La Grande, OR",41,OR,061,UNION,|,41-061-0123
124000050405,PM2.5,0405,Sherbrooke - Parc Sylvie-Daigle,Active,QC1,Canada-Quebec1,CA,45.41436,-71.88269,64.4,-5,CA,NA,NA,00,CC,005,QUEBEC,|,00-005-0405
124000055801,PM2.5,5801,Granby - Parc Poitevin,Active,QC1,Canada-Quebec1,CA,45.41864,-72.73067,0,-5,CA,NA,NA,00,CC,005,QUEBEC,|,00-005-5801
000050204,PM2.5,0204,Gatineau - Hull,Active,QC1,Canada-Quebec1,CA,45.4369,-75.7261,0,-5,CA,NA,NA,00,CC,005,QUEBEC,|,00-005-0204
124000050902,PM2.5,0902,Saguenay - Parc Powell,Active,QC1,Canada-Quebec1,CA,48.43417,-71.185,0,-5,CA,NA,NA,00,CC,005,QUEBEC,|,00-005-0902
000104801,PM2.5,4801,Duncan Deykin Avenue,Active,BC1,British Columbia Ministry of Environment,CA,48.80255,-123.646402,20.1,-8,CA,NA,NA,00,CC,010,BRITISH COLUMBIA,|,00-010-4801
000101003,PM2.5,1003,Abbotsford,Active,BC2,Metro Vancouver,CA,49.04278,-122.30972,79.9,-8,CA,NA,NA,00,CC,010,BRITISH COLUMBIA,|,00-010-1003
840480131090,PM2.5,1090,Von Ormy Highway 16,Active,TX1,Texas Commission on Environmental Quality,R6,29.162942,-98.589126,207.1,-6,US,41700,"San Antonio, TX",48,TX,013,ATASCOSA,|,48-013-1090
480290059,PM2.5,0059,Calaveras Lake C59,Active,TX1,Texas Commission on Environmental Quality,R6,29.275299,-98.311699,140.3,-6,US,41700,"San Antonio, TX",48,TX,029,BEXAR,|,48-029-0059
482011050,PM2.5,1050,Seabrook Friendship Park C45,Active,TX1,Texas Commission on Environmental Quality,R6,29.5831,-95.0156,3.1,-6,US,26420,"Houston-Sugar Land-Baytown, TX",48,TX,201,HARRIS,|,48-201-1050
051390006,PM2.5,0006,El Dorado,Active,AR1,Arkansas Department of Environmental Quality,R6,33.220403,-92.672089,0,-6,US,20980,"El Dorado, AR",05,AR,139,UNION,|,05-139-0006
040134021,PM2.5,4021,Eastwood,Active,AZ2,Maricopa County Air Quality Department,R9,33.41046,-112.002642,0,-7,US,38060,"Phoenix-Mesa-Scottsdale, AZ",04,AZ,013,MARICOPA,|,04-013-4021
350010023,PM2.5,0023,Del Norte,Active,NM2,Albuquerque Environmental Health Department,R6,35.1353,-106.584702,1590,-7,US,10740,"Albuquerque, NM",35,NM,001,BERNALILLO,|,35-001-0023
480290032,PM2.5,0032,San Antonio Northwest C23,Active,TX1,Texas Commission on Environmental Quality,R6,29.514999,-98.620003,268.4,-6,US,41700,"San Antonio, TX",48,TX,029,BEXAR,|,48-029-0032
010732003,PM2.5,2003,WYLAM,Active,AL2,Jefferson County Department of Health,R4,33.4997,-86.9242,0,-6,US,13820,"Birmingham-Hoover, AL",01,AL,073,JEFFERSON,|,01-073-2003
840060199999,PM2.5,9999,Pinehurst,Active,FS1,Forest Service,USEPA,36.6972,-119.0189,0,-8,US,NA,NA,06,CA,019,FRESNO,|,06-019-9999
060111002,PM2.5,1002,Colusa - Sunrise Blvd.,Active,CA8,California Air Resources Board,R9,39.18919,-121.99887,0,-8,US,NA,NA,06,CA,011,COLUSA,|,06-011-1002
240251001,PM2.5,1001,Edgewood,Active,MD1,Maryland Department of the Environment,R3,39.41,-76.2967,8.5,-5,US,12580,"Baltimore-Towson, MD",24,MD,025,HARFORD,|,24-025-1001
240051007,PM2.5,1007,Padonia,Active,MD1,Maryland Department of the Environment,R3,39.462002,-76.631599,119.6,-5,US,12580,"Baltimore-Towson, MD",24,MD,005,BALTIMORE,|,24-005-1007
191630015,PM2.5,0015,"Davenport, 10th & Vine",Active,IA1,Iowa DNR,R7,41.529999,-90.587502,0,-6,US,19340,"Davenport-Moline-Rock Island, IA-IL",19,IA,163,SCOTT,|,19-163-0015
586PK2010001,PM2.5,0001,Karachi,Active,PK2,U.S. Department of State Pakistan - Karachi,DSPK,24.8415,67.0091,0,5,PK,NA,NA,na,N/A,N/A,N/A,|,na-N/A-0001
060730001,PM2.5,0001,Chula Vista,Active,CA4,San Diego APCD,R9,32.631229,-117.059074,54.9,-8,US,41740,"San Diego-Carlsbad-San Marcos, CA",06,CA,073,SAN DIEGO,|,06-073-0001
350250008,PM2.5,0008,Hobbs Jefferson,Active,NM1,New Mexico Air Quality Bureau,R6,32.7267,-103.1233,1110.8,-7,US,26020,"Hobbs, NM",35,NM,025,LEA,|,35-025-0008
060251003,PM2.5,1003,El Centro - 9th Street,Active,CA0,Imperial County Air Pollution Control District,R9,32.7917,-115.5617,0,-8,US,20940,"El Centro, CA",06,CA,025,IMPERIAL,|,06-025-1003
011030011,PM2.5,0011,DECATUR,Active,AL1,Alabama Department of Environmental Management,R4,34.5286,-86.9706,0,-6,US,19460,"Decatur, AL",01,AL,103,MORGAN,|,01-103-0011
450250001,PM2.5,0001,Chesterfield,Active,SC1,South Carolina DES,R4,34.615299,-80.198898,147,-5,US,NA,NA,45,SC,025,CHESTERFIELD,|,45-025-0001
370630099,PM2.5,0099,Burdens Creek,Active,OAQ,EPA Office of Air Quality Planning and Standards,USEPA,35.889402,-78.8747,91.5,-5,US,20500,"Durham, NC",37,NC,063,DURHAM,|,37-063-0099
320030299,PM2.5,0299,Liberty High School,Active,NV1,Clark County Department of Environment and Sustainability ,R9,35.987908,-115.14885,0,-8,US,29820,"Las Vegas-Paradise, NV",32,NV,003,CLARK,|,32-003-0299
061072010,PM2.5,2010,Porterville-NFS,Active,CA6,San Joaquin Valley Unified APCD,R9,36.0319,-119.055,0,-8,US,NA,NA,06,CA,107,TULARE,|,06-107-2010
840080010010,PM2.5,0010,Adams-Birch,Active,CO1,Colorado Department of Public Health and Environment,R8,39.8281,-104.93645,1568.9,-7,US,NA,NA,08,CO,001,ADAMS,|,08-001-0010
171150013,PM2.5,0013,DECATUR,Active,IL1,Illinois EPA,R5,39.8669,-88.9256,0,-6,US,19500,"Decatur, IL",17,IL,115,MACON,|,17-115-0013
840340071007,PM2.5,1007,Pennsauken PM,Active,NJ1,New Jersey Dept. of Environmental Protection,R2,39.989036,-75.050008,27.1,-5,US,37980,"Philadelphia-Camden-Wilmington, PA-NJ-DE-MD",34,NJ,007,CAMDEN,|,34-007-1007
390490034,PM2.5,0034,Fairgrounds,Active,OH1,Ohio EPA-DAPC,R5,40.002734,-82.994404,0,-5,US,18140,"Columbus, OH",39,OH,049,FRANKLIN,|,39-049-0034
490472003,PM2.5,2003,Ouray,Active,UTE,Ute Tribe,R8,40.054848,-109.68737,0,-7,US,NA,NA,49,UT,047,UINTAH,|,49-047-2003
191390019,PM2.5,0019,"Muscatine, High School East Campus",Active,IA1,Iowa DNR,R7,41.4014,-91.0684,0,-6,US,NA,NA,19,IA,139,MUSCATINE,|,19-139-0019
180890036,PM2.5,0036,Hammond-167th St,Active,IN4,Indiana Dept. of Environmental Management,R5,41.594427,-87.495044,0,-6,US,16980,"Chicago-Naperville-Joliet, IL-IN-WI",18,IN,089,LAKE,|,18-089-0036
000107100,PM2.5,7100,Courtenay Elementary School,Active,BC1,British Columbia Ministry of Environment,CA,49.682603,-124.996222,0,-8,CA,NA,NA,00,CC,010,BRITISH COLUMBIA,|,00-010-7100
000104003,PM2.5,4003,Vernon Science Centre,Active,BC1,British Columbia Ministry of Environment,CA,50.260617,-119.270723,500.2,-8,CA,NA,NA,00,CC,010,BRITISH COLUMBIA,|,00-010-4003
060250005,PM2.5,0005,Calexico - Ethel Street,Active,CA8,California Air Resources Board,R9,32.67618,-115.48307,0,-8,US,20940,"El Centro, CA",06,CA,025,IMPERIAL,|,06-025-0005
484391006,PM2.5,1006,Haws Athletic Center C310,Active,TX1,Texas Commission on Environmental Quality,R6,32.7592,-97.3414,0,-6,US,19100,"Dallas-Fort Worth-Arlington, TX",48,TX,439,TARRANT,|,48-439-1006
484391002,PM2.5,1002,Ft. Worth Northwest C13,Active,TX1,Texas Commission on Environmental Quality,R6,32.805818,-97.356567,201.3,-6,US,19100,"Dallas-Fort Worth-Arlington, TX",48,TX,439,TARRANT,|,48-439-1002
320030044,PM2.5,0044,Mountains Edge,Active,NV1,Clark County Department of Environment and Sustainability ,R9,36.0075,-115.263056,0,-8,US,29820,"Las Vegas-Paradise, NV",32,NV,003,CLARK,|,32-003-0044
840061079999,PM2.5,9999,Kennedy Meadows,Active,FS1,Forest Service,USEPA,36.0214,-118.137,0,-8,US,NA,NA,06,CA,107,TULARE,|,06-107-9999
420450002,PM2.5,0002,Chester,Active,PA1,Pennsylvania Dept. of Environmental Protection,R3,39.8356,-75.3725,0,-5,US,37980,"Philadelphia-Camden-Wilmington, PA-NJ-DE-MD",42,PA,045,DELAWARE,|,42-045-0002
090050005,PM2.5,0005,Cornwall,Active,CT1,Connecticut Dept. of Energy and Environmental Protection,R1,41.833099,-73.303299,505.1,-5,US,45860,"Torrington, CT",09,CT,005,LITCHFIELD,|,09-005-0005
390350065,PM2.5,0065,Harvard Yards,Active,OH1,Ohio EPA-DAPC,R5,41.446682,-81.662419,0,-5,US,NA,NA,39,OH,035,CUYAHOGA,|,39-035-0065
840421310010,PM2.5,0010,Tunkhannock,Active,PA1,Pennsylvania Dept. of Environmental Protection,R3,41.605244,-75.95774,0,-5,US,NA,NA,42,PA,131,WYOMING,|,42-131-0010
191032001,PM2.5,2001,"Iowa City, Hoover School",Active,IA1,Iowa DNR,R7,41.658195,-91.503471,0,-6,US,26980,"Iowa City, IA",19,IA,103,JOHNSON,|,19-103-2001
410170120,PM2.5,0120,Bend - Pump Station,Active,OR1,Oregon Dept. of Environmental Quality,R10,44.063916,-121.312554,1105.6,-8,US,13460,"Bend, OR",41,OR,017,DESCHUTES,|,41-017-0120
410390059,PM2.5,0059,Eugene - Highway 99,Active,OR2,Lane Regional Air Protection Agency,R10,44.067223,-123.14135,129,-8,US,21660,"Eugene-Springfield, OR",41,OR,039,LANE,|,41-039-0059
840560051002,PM2.5,1002,Gillette SLAMS,Active,WY1,Wyoming Department of Environmental Quality,R8,44.288005,-105.517022,1422.8,-7,US,23940,"Gillette, WY",56,WY,005,CAMPBELL,|,56-005-1002
CC0090502,PM2.5,0502,Lethbridge,Active,AB1,Alberta Environmental Monitoring and Reporting Agency (AEMERA),CA,49.7164,-112.8006,0,-7,CA,NA,NA,00,CC,009,ALBERTA,|,00-009-0502
060833001,PM2.5,3001,Santa Ynez,Active,CA9,Santa Barbara County Air Pollution Control District,R9,34.605819,-120.07506,204.7,-8,US,42060,"Santa Barbara-Santa Maria, CA",06,CA,083,SANTA BARBARA,|,06-083-3001
320030602,PM2.5,0602,Garrett Jr. High,Active,NV1,Clark County Department of Environment and Sustainability ,R9,35.969848,-114.835007,713.4,-8,US,29820,"Las Vegas-Paradise, NV",32,NV,003,CLARK,|,32-003-0602
470450004,PM2.5,0004,DYERSBURG,Active,TN1,Tennessee Air Pollution Control Div.,R4,36.0528,-89.3819,0,-6,US,20540,"Dyersburg, TN",47,TN,045,DYER,|,47-045-0004
391351001,PM2.5,1001,Preble NCore,Active,OH1,Ohio EPA-DAPC,R5,39.83562,-84.72049,0,-5,US,19380,"Dayton, OH",39,OH,135,PREBLE,|,39-135-1001
390130006,PM2.5,0006,Shadyside,Active,OH1,Ohio EPA-DAPC,R5,39.9679,-80.7464,194.9,-5,US,NA,NA,39,OH,013,BELMONT,|,39-013-0006
421010004,PM2.5,0004,LABP,Active,PA2,Philadelphia Air Management Services,R3,40.00892,-75.09777,22.6,-5,US,37980,"Philadelphia-Camden-Wilmington, PA-NJ-DE-MD",42,PA,101,PHILADELPHIA,|,42-101-0004
180950011,PM2.5,0011,Anderson-Eastside Elem. Sch,Active,IN4,Indiana Dept. of Environmental Management,R5,40.12569,-85.652127,241.9,-5,US,11300,"Anderson, IN",18,IN,095,MADISON,|,18-095-0011
410230002,PM2.5,0002,John Day Dayton St,Active,OR1,Oregon Dept. of Environmental Quality,R10,44.417999,-118.951302,0,-8,US,NA,NA,41,OR,023,GRANT,|,41-023-0002
560330002,PM2.5,0002,Sheridan PD,Active,WY1,Wyoming Department of Environmental Quality,R8,44.815142,-106.955933,1192.6,-7,US,43260,"Sheridan, WY",56,WY,033,SHERIDAN,|,56-033-0002
160850002,PM2.5,0002,McCall,Active,ID1,Idaho Department of Environmental Quality,R10,44.890197,-116.1065,0,-7,US,NA,NA,16,ID,085,VALLEY,|,16-085-0002
270530962,PM2.5,0962,Minneapolis - Near Road,Active,MN1,Minnesota Pollution Control Agency,R5,44.9653,-93.2551,0,-6,US,33460,"Minneapolis-St. Paul-Bloomington, MN-WI",27,MN,053,HENNEPIN,|,27-053-0962
840410470022,PM2.5,0022,Salem Chemeketa Community College,Active,OR1,Oregon Dept. of Environmental Quality,R10,44.976568,-122.976308,54.9,-8,US,41420,"Salem, OR",41,OR,047,MARION,|,41-047-0022
CC0090229,PM2.5,0229,CALGARY SOUTHEAST,Active,AB1,Alberta Environmental Monitoring and Reporting Agency (AEMERA),CA,50.955122,-113.969742,0,-7,CA,NA,NA,00,CC,009,ALBERTA,|,00-009-0229
CC0090302,PM2.5,0302,RED DEER RIVERSIDE DRIVE,Active,AB1,Alberta Environmental Monitoring and Reporting Agency (AEMERA),CA,52.2989,-113.7942,0,-7,CA,NA,NA,00,CC,009,ALBERTA,|,00-009-0302
80011G009,PM2.5,G009,Estaci¢n Hospital General,Active,IEG,Secretar°a de Medio Ambiente y Ordenamiento Territorial,MX,20.9479,-101.4258,543.8,-6,MX,NA,NA,80,MX,011,GUANAJUATO,|,80-011-G009
060832011,PM2.5,2011,Goleta,Active,CA9,Santa Barbara County Air Pollution Control District,R9,34.445301,-119.827797,0,-8,US,42060,"Santa Barbara-Santa Maria, CA",06,CA,083,SANTA BARBARA,|,06-083-2011
440071010,PM2.5,1010,E Providence,Active,RI1,Rhode Island Dept. of Environmental Management,R1,41.840302,-71.361702,0,-5,US,39300,"Providence-New Bedford-Fall River, RI-MA",44,RI,007,PROVIDENCE,|,44-007-1010
410470123,PM2.5,0123,Detroit Lake,Active,OR1,Oregon Dept. of Environmental Quality,R10,44.728314,-122.182756,0,-8,US,NA,NA,41,OR,047,MARION,|,41-047-0123
840410530004,PM2.5,0004,Dallas LaCreole Middle School,Active,OR1,Oregon Dept. of Environmental Quality,R10,44.92261,-123.301956,94.9,-8,US,NA,NA,41,OR,053,POLK,|,41-053-0004
271230871,PM2.5,0871,St. Paul-Harding H.S.,Active,MN1,Minnesota Pollution Control Agency,R5,44.9594,-93.0356,0,-6,US,33460,"Minneapolis-St. Paul-Bloomington, MN-WI",27,MN,123,RAMSEY,|,27-123-0871
CC0090228,PM2.5,0228,Calgary Central2,Active,AB1,Alberta Environmental Monitoring and Reporting Agency (AEMERA),CA,51.047611,-114.075165,0,-7,CA,NA,NA,00,CC,009,ALBERTA,|,00-009-0228
KAZ010001,PM2.5,0001,Astana,Active,KAZ,U.S. Department of State Kazakhstan - Astana,DSKZ,51.125287,71.467217,0,6,KZ,NA,NA,na,N/A,N/A,N/A,|,na-N/A-0001
CC0092801,PM2.5,2801,Drayton Valley,Active,AB1,Alberta Environmental Monitoring and Reporting Agency (AEMERA),CA,53.22,-114.9833,0,-7,CA,NA,NA,00,CC,009,ALBERTA,|,00-009-2801
CC0091301,PM2.5,1301,Tomahawk,Active,AB1,Alberta Environmental Monitoring and Reporting Agency (AEMERA),CA,53.37,-115.1906,0,-7,CA,NA,NA,00,CC,009,ALBERTA,|,00-009-1301
840MMHI11017,PM2.5,1017,Aa St,Active,HI1,Hawaii State Dept. of Health,R9,20.89992,-156.68121,0,-10,US,NA,NA,MM,MM,HI1,HI1,|,MM-HI1-1017
HN1010001,PM2.5,0001,Hanoi,Active,HN1,U.S. Department of State Vietnam - Hanoi,DSVM,21.021939,105.818806,16.8,7,VM,NA,NA,na,N/A,N/A,N/A,|,na-N/A-0001
JDA010001,PM2.5,0001,Jeddah,Active,JDA,U.S. Department of State Saudi Arabia - Jeddah,DSSA,21.543486,39.172989,0,3,SA,NA,NA,na,N/A,N/A,N/A,|,na-N/A-0001
060130002,PM2.5,0002,Concord,Active,CA2,San Francisco Bay Area AQMD,R9,37.9383,-122.025,0,-8,US,41860,"San Francisco-Oakland-Fremont, CA",06,CA,013,CONTRA COSTA,|,06-013-0002
270370470,PM2.5,0470,Apple Valley,Active,MN1,Minnesota Pollution Control Agency,R5,44.7383,-93.2372,0,-6,US,33460,"Minneapolis-St. Paul-Bloomington, MN-WI",27,MN,037,DAKOTA,|,27-037-0470
800140008,PM2.5,0008,Santa Fe,Active,SMJ,Sistema de Monitoreo Atmosferico de Jalisco,MX,20.528889,-103.376944,470,-6,MX,NA,NA,80,MX,014,JALISCO,|,80-014-0008
80011G005,PM2.5,G005,Estaci¢n Te¢dula,Active,IEG,Secretar°a de Medio Ambiente y Ordenamiento Territorial,MX,20.657939,-101.34915,494.7,-6,MX,NA,NA,80,MX,011,GUANAJUATO,|,80-011-G005
150090006,PM2.5,0006,"Kihei, Maui",Active,HI1,Hawaii State Dept. of Health,R9,20.7808,-156.4461,39.3,-10,US,27980,"Kahului-Wailuku, HI",15,HI,009,MAUI,|,15-009-0006
840MMHI11014,PM2.5,1014,Lahainaluna HS,Active,HI1,Hawaii State Dept. of Health,R9,20.88671,-156.65998,0,-10,US,NA,NA,MM,MM,HI1,HI1,|,MM-HI1-1014
060710005,PM2.5,0005,Crestline - Lake Gregory,Active,CA3,South Coast AQMD,R9,34.243132,-117.272275,1387.8,-8,US,40140,"Riverside-San Bernardino-Ontario, CA",06,CA,071,SAN BERNARDINO,|,06-071-0005
400019009,PM2.5,9009,STILWELL CASTNET & NCORE,Active,CK1,Cherokee Nation,R6,35.750599,-94.669701,300.1,-6,US,NA,NA,40,OK,001,ADAIR,|,40-001-9009
400310651,PM2.5,0651,Lawton North,Active,OK1,Oklahoma Department of Environmental Quality,R6,34.632999,-98.428802,362,-6,US,30020,"Lawton, OK",40,OK,031,COMANCHE,|,40-031-0651
470931020,PM2.5,1020,SPRINGHILL,Active,TN4,Knox County Dept. of Air Quality Management ,R4,36.0183,-83.8761,0,-5,US,28940,"Knoxville, TN",47,TN,093,KNOX,|,47-093-1020
840040059999,PM2.5,9999,Grand Canyon ozone bench,Active,NPS,National Park Service,USEPA,36.060444,-112.107028,2124.3,-7,US,NA,NA,04,AZ,005,COCONINO,|,04-005-9999
540511002,PM2.5,1002,MOUNDSVILLE,Active,WV2,West Virginia Division of Air Quality - Wheeling,R3,39.9158,-80.7342,213.5,-5,US,48540,"Wheeling, WV-OH",54,WV,051,MARSHALL,|,54-051-1002
840311570006,PM2.5,0006,Scottsbluff HS,Active,NE1,Nebraska Department of Environment and Energy,R7,41.875556,-103.658056,1184.6,-7,US,42420,"Scottsbluff, NE",31,NE,157,SCOTTS BLUFF,|,31-157-0006
410432002,PM2.5,2002,Sweet Home - Fire Department,Active,OR1,Oregon Dept. of Environmental Quality,R10,44.3958,-122.7305,164.1,-8,US,10540,"Albany-Lebanon, OR",41,OR,043,LINN,|,41-043-2002
070BH2010001,PM2.5,0001,Banja Luka,Active,BH2,U.S. Department of State Bosnia Herzegovina - Banja Luka,DSBK,44.7725,17.185556,0,1,BK,NA,NA,na,N/A,N/A,N/A,|,na-N/A-0001
410010004,PM2.5,0004,Baker City - Forest Service,Active,OR1,Oregon Dept. of Environmental Quality,R10,44.78822,-117.8446,1047.7,-8,US,NA,NA,41,OR,001,BAKER,|,41-001-0004
840560330007,PM2.5,0007,Sheridan Mobile,Active,WY1,Wyoming Department of Environmental Quality,R8,44.80388,-106.96138,1141.9,-7,US,43260,"Sheridan, WY",56,WY,033,SHERIDAN,|,56-033-0007
124CC0090250,PM2.5,0250,Airdrie,Active,AB1,Alberta Environmental Monitoring and Reporting Agency (AEMERA),CA,51.268227,-114.037677,0,-7,CA,NA,NA,na,N/A,N/A,N/A,|,na-N/A-0250
000103202,PM2.5,3202,Golden Helipad,Active,BC1,British Columbia Ministry of Environment,CA,51.2975,-116.966,773.5,-8,CA,NA,NA,00,CC,010,BRITISH COLUMBIA,|,00-010-3202
124CC0090135,PM2.5,0135,Ardrossan,Active,AB1,Alberta Environmental Monitoring and Reporting Agency (AEMERA),CA,53.554691,-113.144105,0,-7,CA,NA,NA,na,N/A,N/A,N/A,|,na-N/A-0135
80011G018,PM2.5,G018,Estaci¢n Guanajuato,Active,IEG,Secretar°a de Medio Ambiente y Ordenamiento Territorial,MX,21.017676,-101.25751700000001,610,-6,MX,NA,NA,80,MX,011,GUANAJUATO,|,80-011-G018
061110007,PM2.5,0007,Thousand Oaks - Moorpark Road,Active,CA5,Ventura County APCD,R9,34.21017,-118.87051,0,-8,US,37100,"Oxnard-Thousand Oaks-Ventura, CA",06,CA,111,VENTURA,|,06-111-0007
040128000,PM2.5,8000,Alamo Lake,Active,AZ1,Arizona Department of Environmental Quality,R9,34.243889,-113.558611,403.2,-7,US,NA,NA,04,AZ,012,LA PAZ,|,04-012-8000
131390003,PM2.5,0003,Gainesville,Active,GA1,Georgia Department of Natural Resources,R4,34.3003,-83.8139,386.1,-5,US,23580,"Gainesville, GA",13,GA,139,HALL,|,13-139-0003
490210005,PM2.5,0005,Enoch,Active,UT1,Utah Department of Environmental Quality,R8,37.747445,-113.055524,0,-7,US,NA,NA,49,UT,021,IRON,|,49-021-0005
060410001,PM2.5,0001,San Rafael,Active,CA2,San Francisco Bay Area AQMD,R9,37.9722,-122.5189,0.9,-8,US,41860,"San Francisco-Oakland-Fremont, CA",06,CA,041,MARIN,|,06-041-0001
181630021,PM2.5,0021,Evansville-Buena Vista,Active,IN4,Indiana Dept. of Environmental Management,R5,38.01325,-87.577923,115.9,-6,US,21780,"Evansville, IN-KY",18,IN,163,VANDERBURGH,|,18-163-0021
510030001,PM2.5,0001,Albemarle HS,Active,VA1,Virginia Dept. of Environmental Quality,R3,38.07657,-78.50397,176.9,-5,US,16820,"Charlottesville, VA",51,VA,003,ALBEMARLE,|,51-003-0001
051YER010001,PM2.5,0001,Yerevan,Active,YER,U.S. Department of State Armenia - Yerevan,DSAM,40.16515,44.48171,0,4,AM,NA,NA,na,N/A,N/A,N/A,|,na-N/A-0001
840180350006,PM2.5,0006,Muncie Central HS,Active,IN4,Indiana Dept. of Environmental Management,R5,40.1995,-85.38791,0,-5,US,34620,"Muncie, IN",18,IN,035,DELAWARE,|,18-035-0006
490472002,PM2.5,2002,Redwash,Active,UTE,Ute Tribe,R8,40.204433,-109.35321,0,-7,US,NA,NA,49,UT,047,UINTAH,|,49-047-2002
420430401,PM2.5,0401,Harrisburg,Active,PA1,Pennsylvania Dept. of Environmental Protection,R3,40.246992,-76.846988,0,-5,US,25420,"Harrisburg-Carlisle, PA",42,PA,043,DAUPHIN,|,42-043-0401
540290009,PM2.5,0009,WEIRTON,Active,WV2,West Virginia Division of Air Quality - Wheeling,R3,40.42735,-80.59253,0,-5,US,48260,"Weirton-Steubenville, WV-OH",54,WV,029,HANCOCK,|,54-029-0009
490353013,PM2.5,3013,Herriman #3,Active,UT1,Utah Department of Environmental Quality,R8,40.496408,-112.036305,0,-7,US,41620,"Salt Lake City, UT",49,UT,035,SALT LAKE,|,49-035-3013
840420030002,PM2.5,0002,Avalon,Active,PA3,Allegheny County,R3,40.499789,-80.071347,253.2,-5,US,38300,"Pittsburgh, PA",42,PA,003,ALLEGHENY,|,42-003-0002
000050113,PM2.5,0113,Laval - Chomedey,Active,QC1,Canada-Quebec1,CA,45.5472,-73.7472,40.3,-5,CA,NA,NA,00,CC,005,QUEBEC,|,00-005-0113
840410512010,PM2.5,2010,Portland Humboldt School,Active,OR1,Oregon Dept. of Environmental Quality,R10,45.558081,-122.670985,0,-8,US,38900,"Portland-Vancouver-Beaverton, OR-WA",41,OR,051,MULTNOMAH,|,41-051-2010
000030201,PM2.5,0201,PORT HAWKESBURY,Active,NS1,Canada-Nova Scotia1,CA,45.614028,-61.362122,0,-4,CA,NA,NA,00,CC,003,NOVA SCOTIA,|,00-003-0201
530110024,PM2.5,0024,Vancouver-NE 84th Ave,Active,WA1,Washington Department of Ecology,R10,45.64336,-122.58737,54,-8,US,NA,NA,53,WA,011,CLARK,|,53-011-0024
410590121,PM2.5,0121,Pendleton - McKay Creek,Active,OR1,Oregon Dept. of Environmental Quality,R10,45.652231,-118.823033,319,-8,US,37820,"Pendleton-Hermiston, OR",41,OR,059,UMATILLA,|,41-059-0121
840471130010,PM2.5,0010,Jackson,Active,TN1,Tennessee Air Pollution Control Div.,R4,35.705338,-88.81959,135.4,-6,US,27180,"Jackson, TN",47,TN,113,MADISON,|,47-113-0010
471050109,PM2.5,0109,LOUDONMS,Active,TN1,Tennessee Air Pollution Control Div.,R4,35.7197,-84.3417,250.1,-5,US,28940,"Knoxville, TN",47,TN,105,LOUDON,|,47-105-0109
470090011,PM2.5,0011,MARYVILL,Active,TN1,Tennessee Air Pollution Control Div.,R4,35.7683,-83.9422,319.9,-5,US,28940,"Knoxville, TN",47,TN,009,BLOUNT,|,47-009-0011
840240476432,PM2.5,6432,Pocomoke City,Active,MD1,Maryland Department of the Environment,R3,38.013875,-75.545666,0,-5,US,NA,NA,24,MD,047,WORCESTER,|,24-047-6432
840081230008,PM2.5,0008,Platteville Middle School,Active,CO1,Colorado Department of Public Health and Environment,R8,40.20938,-104.82405,1469.8,-6,US,NA,NA,08,CO,123,WELD,|,08-123-0008
081230006,PM2.5,0006,Greeley Hospital,Active,CO1,Colorado Department of Public Health and Environment,R8,40.4147,-104.7061,1450.3,-7,US,24540,"Greeley, CO",08,CO,123,WELD,|,08-123-0006
000060512,PM2.5,0512,Hamilton Downtown,Active,ON1,Ontario Ministry of the Environment,CA,43.257778,-79.861667,0,-5,CA,NA,NA,00,CC,006,ONTARIO,|,00-006-0512
551110007,PM2.5,0007,Devils Lake,Active,WI1,Wisconsin Dept. of Natural Resources,R5,43.4356,-89.6803,0,-6,US,12660,"Baraboo, WI",55,WI,111,SAUK,|,55-111-0007
000061502,PM2.5,1502,Kitchener,Active,ON1,Ontario Ministry of the Environment,CA,43.443833,-80.503806,0,-5,CA,NA,NA,00,CC,006,ONTARIO,|,00-006-1502
840530050004,PM2.5,0004,Prosser-Highland Dr,Active,WA1,Washington Department of Ecology,R10,46.2089,-119.75267,221.1,-8,US,NA,NA,53,WA,005,BENTON,|,53-005-0004
CC0091101,PM2.5,1101,Elk Island,Active,AB1,Alberta Environmental Monitoring and Reporting Agency (AEMERA),CA,53.6825,-112.8686,0,-7,CA,NA,NA,00,CC,009,ALBERTA,|,00-009-1101
000106900,PM2.5,6900,Vanderhoof Courthouse,Active,BC1,British Columbia Ministry of Environment,CA,54.0163,-124.0061,0,-8,CA,NA,NA,00,CC,010,BRITISH COLUMBIA,|,00-010-6900
180COG010001,PM2.5,0001,Kinshasa,Active,COG,U.S. Department of State Congo- Kinshasa,DSCF,-4.300578,15.313658,0,1,CF,NA,NA,na,N/A,N/A,N/A,|,na-N/A-0001
482091675,PM2.5,1675,San Marcos Staples Rd C1675,Active,CAP,Capital Area Council of Governments,R6,29.862294,-97.928894,183,-6,US,12420,"Austin-Round Rock, TX",48,TX,209,HAYS,|,48-209-1675
483031028,PM2.5,1028,Lubbock 12th Street,Active,TX1,Texas Commission on Environmental Quality,R6,33.5853,-101.78698,0,-6,US,31180,"Lubbock, TX",48,TX,303,LUBBOCK,|,48-303-1028
840421150215,PM2.5,0215,New Milford,Active,PA1,Pennsylvania Dept. of Environmental Protection,R3,41.867336,-75.686602,0,-5,US,NA,NA,42,PA,115,SUSQUEHANNA,|,42-115-0215
271390505,PM2.5,0505,Shakopee,Active,MN1,Minnesota Pollution Control Agency,R5,44.789398,-93.512497,0,-6,US,33460,"Minneapolis-St. Paul-Bloomington, MN-WI",27,MN,139,SCOTT,|,27-139-0505
270530963,PM2.5,0963,Minneapolis - Andersen School,Active,MN1,Minnesota Pollution Control Agency,R5,44.9536,-93.2581,0,-6,US,33460,"Minneapolis-St. Paul-Bloomington, MN-WI",27,MN,053,HENNEPIN,|,27-053-0963
CC0091701,PM2.5,1701,Steeper,Active,AB1,Alberta Environmental Monitoring and Reporting Agency (AEMERA),CA,53.1325,-117.09111,0,-7,CA,NA,NA,00,CC,009,ALBERTA,|,00-009-1701
484800010001,PM2.5,0001,SUR,Active,MX2,Government of the State of Aguascalientes,MX,21.84525,-102.291222,0,-6,MX,NA,NA,80,MX,001,AGUASCALIENTES,|,80-001-0001
131850003,PM2.5,0003,Valdosta,Active,GA1,Georgia Department of Natural Resources,R4,30.8486,-83.2933,69.8,-5,US,46660,"Valdosta, GA",13,GA,185,LOWNDES,|,13-185-0003
060010009,PM2.5,0009,Oakland,Active,CA2,San Francisco Bay Area AQMD,R9,37.743061,-122.169907,9.8,-8,US,41860,"San Francisco-Oakland-Fremont, CA",06,CA,001,ALAMEDA,|,06-001-0009
060510005,PM2.5,0005,Lee Vining,Active,GBU,Great Basin Unified Air Pollution Control District,R9,37.962069,-119.120278,0,-8,US,NA,NA,06,CA,051,MONO,|,06-051-0005
080130003,PM2.5,0003,Longmont,Active,CO1,Colorado Department of Public Health and Environment,R8,40.164585,-105.100861,1522,-7,US,14500,"Boulder, CO",08,CO,013,BOULDER,|,08-013-0003
340210005,PM2.5,0005,Rider University,Active,NJ1,New Jersey Dept. of Environmental Protection,R2,40.283092,-74.742645,29.9,-5,US,45940,"Trenton-Ewing, NJ",34,NJ,021,MERCER,|,34-021-0005
060675003,PM2.5,5003,Sloughhouse,Active,CA1,Sacramento Metro. AQMD,R9,38.494475,-121.211131,59.2,-8,US,40900,"Sacramento--Arden-Arcade--Roseville, CA",06,CA,067,SACRAMENTO,|,06-067-5003
420950025,PM2.5,0025,Freemansburg,Active,PA1,Pennsylvania Dept. of Environmental Protection,R3,40.6281,-75.3411,0,-5,US,10900,"Allentown-Bethlehem-Easton, PA-NJ",42,PA,095,NORTHAMPTON,|,42-095-0025
261390005,PM2.5,0005,JENISON,Active,MI1,"Michigan Department of Environment, Great Lakes, and Energy",R5,42.894402,-85.852798,390.4,-5,US,26100,"Holland-Grand Haven, MI",26,MI,139,OTTAWA,|,26-139-0005
330050007,PM2.5,0007,Keene,Active,NH1,New Hampshire Dept. of Environmental Services,R1,42.930521,-72.272332,152.8,-5,US,28300,"Keene, NH",33,NH,005,CHESHIRE,|,33-005-0007
360291014,PM2.5,1014,Tonawanda II,Active,NY1,New York Dept. of Environmental Conservation,R2,42.9981,-78.8993,182.1,-5,US,NA,NA,36,NY,029,ERIE,|,36-029-1014
191471002,PM2.5,1002,"Emmetsburg, ILCC",Active,IA1,Iowa DNR,R7,43.123299,-94.693298,0,-6,US,NA,NA,19,IA,147,PALO ALTO,|,19-147-1002
840410190005,PM2.5,0005,Roseburg High School,Active,OR1,Oregon Dept. of Environmental Quality,R10,43.21746,-123.35408,134.8,-8,US,NA,NA,41,OR,019,DOUGLAS,|,41-019-0005
530530031,PM2.5,0031,Tacoma-Alexander Ave,Active,WA1,Washington Department of Ecology,R10,47.2656,-122.3858,0.9,-8,US,42660,"Seattle-Tacoma-Bellevue, WA",53,WA,053,PIERCE,|,53-053-0031
380570004,PM2.5,0004,Beulah North,Active,ND1,North Dakota Department of Environmental Quality,R8,47.2986,-101.7669,630.1,-6,US,NA,NA,38,ND,057,MERCER,|,38-057-0004
840380250004,PM2.5,0004,Lake Ilo,Active,ND1,North Dakota Department of Environmental Quality,R8,47.342589,-102.645997,683.8,-7,US,NA,NA,38,ND,025,DUNN,|,38-025-0004
124CC0094701,PM2.5,4701,Janvier,Active,AB1,Alberta Environmental Monitoring and Reporting Agency (AEMERA),CA,55.9033,-110.7499,0,-7,CA,NA,NA,na,N/A,N/A,N/A,|,na-N/A-4701
702NEA000000,PM2.5,0000,Central,Active,NEA,Singapore National Environment Agency,NA,1.35735,103.82,0,8,NA,NA,NA,na,N/A,N/A,N/A,|,na-N/A-0000
TPCD0027T,PM2.5,027T,Samut Sakhon Wittayalai School,Active,TPCD,Thailand Pollution Control Department,NA,13.550263,100.264768,0,7,NA,NA,NA,na,N/A,N/A,N/A,|,na-N/A-027T
764TPCD0012T,PM2.5,012T,Nonsi Witthaya School,Active,TPCD,Thailand Pollution Control Department,NA,13.708067,100.547333,0,7,NA,NA,NA,na,N/A,N/A,N/A,|,na-N/A-012T
TPCD0050T,PM2.5,050T,Chulalongkorn Hospital,Active,TPCD,Thailand Pollution Control Department,NA,13.729852,100.536501,0,7,NA,NA,NA,na,N/A,N/A,N/A,|,na-N/A-050T
482090614,PM2.5,0614,Dripping Springs C614,Active,CAP,Capital Area Council of Governments,R6,30.214636,-98.083311,355,-6,US,12420,"Austin-Round Rock, TX",48,TX,209,HAYS,|,48-209-0614
484530021,PM2.5,0021,Austin Webberville Road C171,Active,TX1,Texas Commission on Environmental Quality,R6,30.2633,-97.7131,152.5,-6,US,12420,"Austin-Round Rock, TX",48,TX,453,TRAVIS,|,48-453-0021
840120310099,PM2.5,0099,Sunny Acres,Active,FL3,City of Jacksonville - Environmental Quality Division,R4,30.354614,-81.547789,0,-5,US,NA,NA,12,FL,031,DUVAL,|,12-031-0099
130590002,PM2.5,0002,Athens,Active,GA1,Georgia Department of Natural Resources,R4,33.925,-83.3575,0,-5,US,12020,"Athens-Clarke County, GA",13,GA,059,CLARKE,|,13-059-0002
060830011,PM2.5,0011,Santa Barbara,Active,CA9,Santa Barbara County Air Pollution Control District,R9,34.42775,-119.69091,6.1,-8,US,42060,"Santa Barbara-Santa Maria, CA",06,CA,083,SANTA BARBARA,|,06-083-0011
170650002,PM2.5,0002,KNIGHT_P,Active,IL1,Illinois EPA,R5,38.088902,-88.625,148.8,-6,US,34500,"Mount Vernon, IL",17,IL,065,HAMILTON,|,17-065-0002
060950004,PM2.5,0004,Vallejo,Active,CA2,San Francisco Bay Area AQMD,R9,38.102507,-122.237976,5.8,-8,US,46700,"Vallejo-Fairfield, CA",06,CA,095,SOLANO,|,06-095-0004
840340210008,PM2.5,0008,Trenton,Active,NJ1,New Jersey Dept. of Environmental Protection,R2,40.222421,-74.763167,14.9,-5,US,45940,"Trenton-Ewing, NJ",34,NJ,021,MERCER,|,34-021-0008
840310670005,PM2.5,0005,Homestead NHP,Active,NE1,Nebraska Department of Environment and Energy,R7,40.28506,-96.82431,0,-6,US,NA,NA,31,NE,067,GAGE,|,31-067-0005
181570008,PM2.5,0008,Lafayette-Greenbush St,Active,IN4,Indiana Dept. of Environmental Management,R5,40.431667,-86.8525,195.2,-5,US,29140,"Lafayette, IN",18,IN,157,TIPPECANOE,|,18-157-0008
340230011,PM2.5,0011,Rutgers University,Active,NJ1,New Jersey Dept. of Environmental Protection,R2,40.462181,-74.429436,18.9,-5,US,35620,"New York-Northern New Jersey-Long Island, NY-NJ-PA",34,NJ,023,MIDDLESEX,|,34-023-0011
000060515,PM2.5,0515,Hamilton West,Active,ON1,Ontario Ministry of the Environment,CA,43.257444,-79.90775,0,-5,CA,NA,NA,00,CC,006,ONTARIO,|,00-006-0515
550410007,PM2.5,0007,POTAWATOMI,Active,WI1,Wisconsin Dept. of Natural Resources,R5,45.5639,-88.81,0,-6,US,NA,NA,55,WI,041,FOREST,|,55-041-0007
000030310,PM2.5,0310,SYDNEY,Active,NS1,Canada-Nova Scotia1,CA,46.142317,-60.172575,40,-4,CA,NA,NA,00,CC,003,NOVA SCOTIA,|,00-003-0310
LM1010001,PM2.5,0001,Lima,Active,LM1,U.S. Department of State Peru - Lima,DSPE,-12.099398,-76.968882,0,-5,PE,NA,NA,na,N/A,N/A,N/A,|,na-N/A-0001
220870007,PM2.5,0007,Chalmette Vista,Active,LA1,Louisiana Department of Environmental Quality,R6,29.9431,-89.9761,0,-6,US,35380,"New Orleans-Metairie-Kenner, LA",22,LA,087,ST. BERNARD,|,22-087-0007
121290001,PM2.5,0001,St. Marks Wildlife Refuge,Active,FL1,Florida Dept. of Environmental Protection,R4,30.0842,-84.1617,0,-5,US,45220,"Tallahassee, FL",12,FL,129,WAKULLA,|,12-129-0001
060650010,PM2.5,0010,Joshua Tree NP - Cottonwood Canyon 2,Active,NPS,National Park Service,USEPA,33.7472,-115.8201,0,-8,US,NA,NA,06,CA,065,RIVERSIDE,|,06-065-0010
371230001,PM2.5,0001,Candor FRO,Active,NC1,North Carolina DEQ - Division of Air Quality,R4,35.263165,-79.836636,197.9,-5,US,NA,NA,37,NC,123,MONTGOMERY,|,37-123-0001
400270049,PM2.5,0049,Moore,Active,OK1,Oklahoma Department of Environmental Quality,R6,35.32,-97.4883,0,-6,US,36420,"Oklahoma City, OK",40,OK,027,CLEVELAND,|,40-027-0049
060850006,PM2.5,0006,San Jose - Knox Ave,Active,CA2,San Francisco Bay Area AQMD,R9,37.338202,-121.849892,0,-8,US,41940,"San Jose-Sunnyvale-Santa Clara, CA",06,CA,085,SANTA CLARA,|,06-085-0006
840081010015,PM2.5,0015,Pueblo Fountain Elementary,Active,CO1,Colorado Department of Public Health and Environment,R8,38.27601,-104.597591,0,-7,US,39380,"Pueblo, CO",08,CO,101,PUEBLO,|,08-101-0015
420070014,PM2.5,0014,Beaver Falls,Active,PA1,Pennsylvania Dept. of Environmental Protection,R3,40.747799,-80.316704,0,-5,US,38300,"Pittsburgh, PA",42,PA,007,BEAVER,|,42-007-0014
160050015,PM2.5,0015,Pocatello Garrett and Gould,Active,ID1,Idaho Department of Environmental Quality,R10,42.876701,-112.460297,0,-7,US,38540,"Pocatello, ID",16,ID,001,ADA,|,16-001-0015
330150014,PM2.5,0014,Portsmouth,Active,NH1,New Hampshire Dept. of Environmental Services,R1,43.075371,-70.748017,4,-5,US,14460,"Boston-Cambridge-Quincy, MA-NH",33,NH,015,ROCKINGHAM,|,33-015-0014
360652001,PM2.5,2001,Utica,Active,NY1,New York Dept. of Environmental Conservation,R2,43.0994,-75.225,0,-5,US,46540,"Utica-Rome, NY",36,NY,065,ONEIDA,|,36-065-2001
124CC0041601,PM2.5,1601,Miramichi,Active,NB1,Canada-New Brunswick1,CA,47.02567,-65.52049,0,-4,CA,NA,NA,00,CC,004,NEW BRUNSWICK,|,00-004-1601
124000082002,PM2.5,2002,Buffalo Narrows,Active,SK1,Saskatchewan Environment,CA,55.83473,-108.40377,0,-6,CA,NA,NA,na,N/A,N/A,N/A,|,na-N/A-2002
340390004,PM2.5,0004,Elizabeth Trailer,Active,NJ1,New Jersey Dept. of Environmental Protection,R2,40.641441,-74.208366,4.9,-5,US,35620,"New York-Northern New Jersey-Long Island, NY-NJ-PA",34,NJ,039,UNION,|,34-039-0004
061050002,PM2.5,0002,Weaverville,Active,NCA,North Coast Unified Air Quality Management District,R9,40.734722,-122.941109,600.2,-8,US,NA,NA,06,CA,105,TRINITY,|,06-105-0002
530530029,PM2.5,0029,Tacoma-L St,Active,WA1,Washington Department of Ecology,R10,47.1864,-122.4517,104,-8,US,42660,"Seattle-Tacoma-Bellevue, WA",53,WA,053,PIERCE,|,53-053-0029
530530024,PM2.5,0024,Tacoma-S 36th St,Active,WA1,Washington Department of Ecology,R10,47.22634,-122.46256,108,-8,US,42660,"Seattle-Tacoma-Bellevue, WA",53,WA,053,PIERCE,|,53-053-0024
840530330047,PM2.5,0047,Auburn 29th St,Active,WA1,Washington Department of Ecology,R10,47.2814,-122.2233,31.7,-8,US,NA,NA,53,WA,033,KING,|,53-033-0047
230030014,PM2.5,0014,Madawaska PSB,Active,ME1,Maine Dept. of Environmental Protection,R1,47.3553,-68.3211,0,-5,US,NA,NA,23,ME,003,AROOSTOOK,|,23-003-0014
702NEA000001,PM2.5,0001,North,Active,NEA,Singapore National Environment Agency,NA,1.41803,103.82,0,8,NA,NA,NA,na,N/A,N/A,N/A,|,na-N/A-0001
CUR010001,PM2.5,0001,Curacao,Active,CUR,U.S. Department of State Curacao,DSUC,12.1696,-68.99,0,-4,UC,NA,NA,na,N/A,N/A,N/A,|,na-N/A-0001
DS1010002,PM2.5,0002,Chennai,Active,DS2,U.S. Department of State India - Chennai,DSIN,13.08784,80.278475,0,5.5,IN,NA,NA,DS,DS,101,India,|,DS-101-0002
TPCD0005T,PM2.5,005T,Thai Meteorological Department,Active,TPCD,Thailand Pollution Control Department,NA,13.666183,100.605742,0,7,NA,NA,NA,na,N/A,N/A,N/A,|,na-N/A-005T
608PH1010001,PM2.5,0001,Manila,Active,PH1,U.S. Department of State Philippines - Manila,DSRP,14.57711,120.9778,0,8,RP,NA,NA,na,N/A,N/A,N/A,|,na-N/A-0001
120030002,PM2.5,0002,Osceola National Forest,Active,FL1,Florida Dept. of Environmental Protection,R4,30.1972,-82.445,0,-5,US,27260,"Jacksonville, FL",12,FL,003,BAKER,|,12-003-0002
120310077,PM2.5,0077,Sheffield Elementary School,Active,FL3,City of Jacksonville - Environmental Quality Division,R4,30.4758,-81.5869,0,-5,US,27260,"Jacksonville, FL",12,FL,031,DUVAL,|,12-031-0077
060712002,PM2.5,2002,Fontana - Arrow Highway,Active,CA3,South Coast AQMD,R9,34.100132,-117.491982,116.8,-8,US,40140,"Riverside-San Bernardino-Ontario, CA",06,CA,071,SAN BERNARDINO,|,06-071-2002
401090097,PM2.5,0097,Near Road OKC,Active,OK1,Oklahoma Department of Environmental Quality,R6,35.502968,-97.577674,0,-6,US,36420,"Oklahoma City, OK",40,OK,109,OKLAHOMA,|,40-109-0097
470090101,PM2.5,0101,Look Rock - GSMNP,Active,NPS,National Park Service,USEPA,35.63346,-83.94158,793.3,-5,US,28940,"Knoxville, TN",47,TN,009,BLOUNT,|,47-009-0101
201910002,PM2.5,0002,PECK,Active,KS1,Kansas Dept. of Health and Environment,R7,37.4769,-97.3664,0,-6,US,48620,"Wichita, KS",20,KS,191,SUMNER,|,20-191-0002
840060010016,PM2.5,0016,Livermore-Portola,Active,CA2,San Francisco Bay Area AQMD,R9,37.68975,-121.77155,145.5,-8,US,41860,"San Francisco-Oakland-Fremont, CA",06,CA,001,ALAMEDA,|,06-001-0016
840490190007,PM2.5,0007,Moab #7,Active,UT1,Utah Department of Environmental Quality,R8,38.566055,-109.537167,0,-7,US,NA,NA,49,UT,019,GRAND,|,49-019-0007
530330057,PM2.5,0057,Seattle-Duwamish,Active,WA1,Washington Department of Ecology,R10,47.559975,-122.338265,4,-8,US,42660,"Seattle-Tacoma-Bellevue, WA",53,WA,033,KING,|,53-033-0057
530330080,PM2.5,0080,Seattle-Beacon Hill,Active,WA1,Washington Department of Ecology,R10,47.568236,-122.308628,101.9,-8,US,42660,"Seattle-Tacoma-Bellevue, WA",53,WA,033,KING,|,53-033-0080
124CC0090808,PM2.5,0808,Conklin West,Active,AB1,Alberta Environmental Monitoring and Reporting Agency (AEMERA),CA,55.62141,-111.17269,0,-7,CA,NA,NA,na,N/A,N/A,N/A,|,na-N/A-0808
124CC0094601,PM2.5,4601,Anzac,Active,AB1,Alberta Environmental Monitoring and Reporting Agency (AEMERA),CA,56.448889,-111.038056,0,-7,CA,NA,NA,na,N/A,N/A,N/A,|,na-N/A-4601
702NEA000002,PM2.5,0002,East,Active,NEA,Singapore National Environment Agency,NA,1.35735,103.940002,0,8,NA,NA,NA,na,N/A,N/A,N/A,|,na-N/A-0002
148CHD010001,PM2.5,0001,N'Djamena,Active,CHD,U.S. Department of State Chad - N'Djamena,DSCD,12.1348,15.0557,0,1,CD,NA,NA,na,N/A,N/A,N/A,|,na-N/A-0001
764TPCD00O10,PM2.5,0O10,Grand Monaco Village,Active,TPCD,Thailand Pollution Control Department,NA,13.672332,100.698602,0,7,NA,NA,NA,na,N/A,N/A,N/A,|,na-N/A-0O10
TPCD0052T,PM2.5,052T,Thonburi Power Sub-Station,Active,TPCD,Thailand Pollution Control Department,NA,13.727622,100.486568,0,7,NA,NA,NA,na,N/A,N/A,N/A,|,na-N/A-052T
TPCD0053T,PM2.5,053T,Chokchai Police Station,Active,TPCD,Thailand Pollution Control Department,NA,13.795425,100.59303,0,7,NA,NA,NA,na,N/A,N/A,N/A,|,na-N/A-053T
764TPCD0081T,PM2.5,081T,Water reservoir,Active,TPCD,Thailand Pollution Control Department,NA,13.832076,100.057961,0,7,NA,NA,NA,na,N/A,N/A,N/A,|,na-N/A-081T
220550007,PM2.5,0007,Lafayette,Active,LA1,Louisiana Department of Environmental Quality,R6,30.2258,-92.042801,0,-6,US,29180,"Lafayette, LA",22,LA,055,LAFAYETTE,|,22-055-0007
220190008,PM2.5,0008,Westlake,Active,LA1,Louisiana Department of Environmental Quality,R6,30.2625,-93.285,0,-6,US,29340,"Lake Charles, LA",22,LA,019,CALCASIEU,|,22-019-0008
484530020,PM2.5,0020,Audubon C38,Active,TX1,Texas Commission on Environmental Quality,R6,30.483168,-97.8723,317.2,-6,US,12420,"Austin-Round Rock, TX",48,TX,453,TRAVIS,|,48-453-0020
060658001,PM2.5,8001,Riverside - Rubidoux,Active,CA3,South Coast AQMD,R9,33.999449,-117.415831,78.7,-8,US,40140,"Riverside-San Bernardino-Ontario, CA",06,CA,065,RIVERSIDE,|,06-065-8001
060370016,PM2.5,0016,Glendora - Laurel,Active,CA3,South Coast AQMD,R9,34.1439,-117.8508,84.5,-8,US,31100,"Los Angeles-Long Beach-Santa Ana, CA",06,CA,037,LOS ANGELES,|,06-037-0016
150031001,PM2.5,1001,Honolulu,Active,HI1,Hawaii State Dept. of Health,R9,21.310301,-157.858093,0,-10,US,26180,"Honolulu, HI",15,HI,003,HONOLULU,|,15-003-1001
800260006,PM2.5,0006,Nogales ITN,Active,AZ1,Arizona Department of Environmental Quality,R9,31.291294,-110.951508,0,-7,US,NA,NA,80,MX,026,SONORA,|,80-026-0006
280350004,PM2.5,0004,Hattiesburg,Active,MS1,Mississippi DEQ,R4,31.323995,-89.292219,44.8,-6,US,25620,"Hattiesburg, MS",28,MS,035,FORREST,|,28-035-0004
130950007,PM2.5,0007,Albany,Active,GA1,Georgia Department of Natural Resources,R4,31.5767,-84.1002,66.8,-5,US,10500,"Albany, GA",13,GA,095,DOUGHERTY,|,13-095-0007
481410057,PM2.5,0057,Socorro Hueco C49,Active,TX1,Texas Commission on Environmental Quality,R6,31.66752,-106.28774,1116.9,-7,US,21340,"El Paso, TX",48,TX,141,EL PASO,|,48-141-0057
061112002,PM2.5,2002,Simi Valley - Cochran Street,Active,CA5,Ventura County APCD,R9,34.27632,-118.68369,0,-8,US,37100,"Oxnard-Thousand Oaks-Ventura, CA",06,CA,111,VENTURA,|,06-111-2002
840010491003,PM2.5,1003,Crossville,Active,AL1,Alabama Department of Environmental Management,R4,34.288567,-85.969858,0,-6,US,NA,NA,01,AL,049,DE KALB,|,01-049-1003
200570002,PM2.5,0002,Dodge City,Active,KS1,Kansas Dept. of Health and Environment,R7,37.7667,-100.0333,803.7,-6,US,19980,"Dodge City, KS",20,KS,057,FORD,|,20-057-0002
060010012,PM2.5,0012,Laney College,Active,CA2,San Francisco Bay Area AQMD,R9,37.793624,-122.263376,4,-8,US,41860,"San Francisco-Oakland-Fremont, CA",06,CA,001,ALAMEDA,|,06-001-0012
060010011,PM2.5,0011,Oakland West,Active,CA2,San Francisco Bay Area AQMD,R9,37.8148,-122.282402,2.7,-8,US,41860,"San Francisco-Oakland-Fremont, CA",06,CA,001,ALAMEDA,|,06-001-0011
MMOAQ2011,PM2.5,2011,MMOAQ2011,Active,TUO,Tuolumne County APCD,R9,37.9598,-120.3175,0,-8,US,NA,NA,06,CA,109,TUOLUMNE,|,06-109-2011
840060950007,PM2.5,0007,Benicia - Fitzgerald,Active,CA2,San Francisco Bay Area AQMD,R9,38.05043,-122.15454,6.1,-8,US,41860,"San Francisco-Oakland-Fremont, CA",06,CA,095,SOLANO,|,06-095-0007
060631007,PM2.5,1007,Chester BAM,Active,NOS,Northern Sierra AQMD,R9,40.301899,-121.235001,0,-8,US,NA,NA,06,CA,063,PLUMAS,|,06-063-1007
421290008,PM2.5,0008,Greensburg,Active,PA1,Pennsylvania Dept. of Environmental Protection,R3,40.3053,-79.5061,0,-5,US,38300,"Pittsburgh, PA",42,PA,129,WESTMORELAND,|,42-129-0008
060290010,PM2.5,0010,Bakersfield - Golden State Highway,Active,CA6,San Joaquin Valley Unified APCD,R9,35.3853,-119.014702,0,-8,US,12540,"Bakersfield, CA",06,CA,029,KERN,|,06-029-0010
510410004,PM2.5,0004,BEACH ROAD,Active,VA1,Virginia Dept. of Environmental Quality,R3,37.35748,-77.59355,0,-5,US,40060,"Richmond, VA",51,VA,041,CHESTERFIELD,|,51-041-0004
060270002,PM2.5,0002,NCORE - Bishop,Active,GBU,Great Basin Unified Air Pollution Control District,R9,37.360701,-118.330835,1232.5,-8,US,13860,"Bishop, CA",06,CA,027,INYO,|,06-027-0002
840MMCA82045,PM2.5,2045,MMCA82045,Active,CA8,California Air Resources Board,R9,37.36708,-118.39399,0,-8,US,NA,NA,MM,MM,CA8,CA8 - ARB,|,MM-CA8-2045
840MMCA82003,PM2.5,2003,MMCA82003,Active,CA8,California Air Resources Board,R9,38.247217,-119.220006,0,-8,US,NA,NA,MM,MM,CA8,CA8 - ARB,|,MM-CA8-2003
160571000,PM2.5,1000,Potlatch,Active,ID1,Idaho Department of Environmental Quality,R10,46.921,-116.89625,239.7,-8,US,NA,NA,16,ID,057,LATAH,|,16-057-1000
300630037,PM2.5,0037,French Town - Beckwith,Active,MT1,Montana DEQ,R8,47.012907,-114.224273,0,-7,US,NA,NA,30,MT,063,MISSOULA,|,30-063-0037
CC0010901,PM2.5,0901,Marystown/Burin,Active,NL1,Newfoundland & Labrador DEC,CA,47.098991,-55.198521,0.9,-3.5,CA,NA,NA,00,CC,001,NEWFOUNDLAND,|,00-001-0901
840530330069,PM2.5,0069,Tukwila_Allentown,Active,WA1,Washington Department of Ecology,R10,47.498535,-122.278385,0,-8,US,42660,"Seattle-Tacoma-Bellevue, WA",53,WA,033,KING,|,53-033-0069
021100004,PM2.5,0004,Floyd Dryden,Active,AK1,State of Alaska DEC,R10,58.388889,-134.565556,14.9,-9,US,NA,NA,02,AK,110,JUNEAU,|,02-110-0004
854BFA010001,PM2.5,0001,Ouagadougou,Active,BFA,U.S. Department of State Burkina Faso - Ouagadougou,DSUV,12.304907,-1.497184,0,0,UV,NA,NA,na,N/A,N/A,N/A,|,na-N/A-0001
TPCD0019T,PM2.5,019T,National Housing Authority Bangplee,Active,TPCD,Thailand Pollution Control Department,NA,13.5705,100.786287,0,7,NA,NA,NA,na,N/A,N/A,N/A,|,na-N/A-019T
TPCD0002T,PM2.5,002T,Bansomdejchaopraya Rajabhat University,Active,TPCD,Thailand Pollution Control Department,NA,13.732846,100.487662,0,7,NA,NA,NA,na,N/A,N/A,N/A,|,na-N/A-002T
TPCD0061T,PM2.5,061T,Bodindecha Sing Singhaseni School,Active,TPCD,Thailand Pollution Control Department,NA,13.769634,100.614567,0,7,NA,NA,NA,na,N/A,N/A,N/A,|,na-N/A-061T
840TT5821016,PM2.5,1016,Morongo School,Active,MOR,Morongo Band of Mission Indians,R9,33.9446,-116.8303,692.7,-8,US,NA,NA,na,N/A,N/A,N/A,|,na-N/A-1016
371010002,PM2.5,0002,JOHNSTON,Active,NC1,North Carolina DEQ - Division of Air Quality,R4,35.59095,-78.4622,126.9,-5,US,39580,"Raleigh-Cary, NC",37,NC,101,JOHNSTON,|,37-101-0002
370210034,PM2.5,0034,BDED,Active,NC1,North Carolina DEQ - Division of Air Quality,R4,35.6062,-82.5844,640.2,-5,US,11700,"Asheville, NC",37,NC,021,BUNCOMBE,|,37-021-0034
295100007,PM2.5,0007,South Broadway,Active,MO1,Missouri Department of Natural Resources,R7,38.5425,-90.263611,137.9,-6,US,41180,"St. Louis, MO-IL",29,MO,510,ST. LOUIS (CITY),|,29-510-0007
840391450015,PM2.5,0015,East Haverhill,Active,OH1,Ohio EPA-DAPC,R5,38.59246,-82.80677,0,-5,US,NA,NA,39,OH,145,SCIOTO,|,39-145-0015
061131003,PM2.5,1003,Woodland,Active,YS1,Yolo-Solano AQMD,R9,38.661239,-121.732683,0,-8,US,40900,"Sacramento--Arden-Arcade--Roseville, CA",06,CA,113,YOLO,|,06-113-1003
060670012,PM2.5,0012,Folsom,Active,CA1,Sacramento Metro. AQMD,R9,38.683304,-121.164457,101.6,-8,US,40900,"Sacramento--Arden-Arcade--Roseville, CA",06,CA,067,SACRAMENTO,|,06-067-0012
250036001,PM2.5,6001,NorthAdams,Active,MA1,Massachusetts Dept. of Environmental Protection,R1,42.702223,-73.110414,0,-5,US,NA,NA,25,MA,003,BERKSHIRE,|,25-003-6001
530410004,PM2.5,0004,Chehalis-Market Blvd,Active,WA1,Washington Department of Ecology,R10,46.664089,-122.967323,68.9,-8,US,NA,NA,53,WA,041,LEWIS,|,53-041-0004
020900035,PM2.5,0035,Hurst Road,Active,AK1,State of Alaska DEC,R10,64.762973,-147.310297,144.9,-9,US,21820,"Fairbanks, AK",02,AK,090,FAIRBANKS NORTH STAR,|,02-090-0035
800090043,PM2.5,0043,Santa Fe,Active,MXC,Red de Monitoreo de la Calidad del Aire de la Ciudad de Mexico,MX,19.3573,-99.2628,2600.4,-6,MX,NA,NA,80,MX,009,DISTRITO FEDERAL,|,80-009-0043
800150581,PM2.5,0581,Nezahualc¢yotl,Active,MXC,Red de Monitoreo de la Calidad del Aire de la Ciudad de Mexico,MX,19.3919,-99.0281,2236.3,-6,MX,NA,NA,80,MX,015,MEXICO STATE,|,80-015-0581
150012023,PM2.5,2023,Mountain View,Active,HI1,Hawaii State Dept. of Health,R9,19.555445,-155.102036,0,-10,US,NA,NA,15,HI,001,HAWAII,|,15-001-2023
840150013034,PM2.5,3034,Kailua-Kona,Active,HI1,Hawaii State Dept. of Health,R9,19.618158,-155.971242,0,-10,US,NA,NA,15,HI,001,HAWAII,|,15-001-3034
011190003,PM2.5,0003,Ward,Active,AL1,Alabama Department of Environmental Management,R4,32.36253,-88.27792,0,-6,US,NA,NA,01,AL,119,SUMTER,|,01-119-0003
124CC0090805,PM2.5,0805,Fort MacKay West,Active,AB1,Alberta Environmental Monitoring and Reporting Agency (AEMERA),CA,56.9967,-111.5926,0,-7,CA,NA,NA,na,N/A,N/A,N/A,|,na-N/A-0805
124CC0119004,PM2.5,9004,Whitehorse NAPS,Active,YK1,Government of Yukon,CA,60.71972,-135.05875,0,-7,CA,NA,NA,na,N/A,N/A,N/A,|,na-N/A-9004
768TOG010001,PM2.5,0001,Lome,Active,TOG,U.S. Department of State Togo - Lome,DSTO,6.185167,1.214166,0,0,TO,NA,NA,na,N/A,N/A,N/A,|,na-N/A-0001
764TPCD0018T,PM2.5,018T,"City Hall, Samut Prakan",Active,TPCD,Thailand Pollution Control Department,NA,13.599149,100.597345,0,7,NA,NA,NA,na,N/A,N/A,N/A,|,na-N/A-018T
764TPCD0022T,PM2.5,022T,Sukhothai Thammathirat University,Active,TPCD,Thailand Pollution Control Department,NA,13.907861,100.535641,0,7,NA,NA,NA,na,N/A,N/A,N/A,|,na-N/A-022T
010030010,PM2.5,0010,FAIRHOPE,Active,AL1,Alabama Department of Environmental Management,R4,30.4889,-87.8706,0,-6,US,19300,"Daphne-Fairhope, AL",01,AL,003,BALDWIN,|,01-003-0010
060650012,PM2.5,0012,Banning - South Hathaway Street,Active,CA3,South Coast AQMD,R9,33.920758,-116.858419,0,-8,US,40140,"Riverside-San Bernardino-Ontario, CA",06,CA,065,RIVERSIDE,|,06-065-0012
586PK4010001,PM2.5,0001,Peshawar,Active,PK4,U.S. Department of State Pakistan - Peshawar,DSPK,34.005852,71.53775,0,5,PK,NA,NA,na,N/A,N/A,N/A,|,na-N/A-0001
401091037,PM2.5,1037,North OKC,Active,OK1,Oklahoma Department of Environmental Quality,R6,35.612801,-97.472198,0,-6,US,36420,"Oklahoma City, OK",40,OK,109,OKLAHOMA,|,40-109-1037
350490021,PM2.5,0021,Santa Fe Airport,Active,NM1,New Mexico Air Quality Bureau,R6,35.6198,-106.0797,1931.3,-7,US,42140,"Santa Fe, NM",35,NM,049,SANTA FE,|,35-049-0021
291893001,PM2.5,3001,Ladue,Active,MO1,Missouri Department of Natural Resources,R7,38.650259,-90.350463,161,-6,US,41180,"St. Louis, MO-IL",29,MO,189,ST. LOUIS,|,29-189-3001
360050110,PM2.5,0110,Bronx - IS52,Active,NY1,New York Dept. of Environmental Conservation,R2,40.816101,-73.902199,0,-5,US,35620,"New York-Northern New Jersey-Long Island, NY-NJ-PA",36,NY,005,BRONX,|,36-005-0110
340030010,PM2.5,0010,Fort Lee Near Road,Active,NJ1,New Jersey Dept. of Environmental Protection,R2,40.85355,-73.9661,0,-5,US,35620,"New York-Northern New Jersey-Long Island, NY-NJ-PA",34,NJ,003,BERGEN,|,34-003-0010
410290019,PM2.5,0019,Shady Cove - Shady Cove School,Active,OR1,Oregon Dept. of Environmental Quality,R10,42.623225,-122.810158,438.3,-8,US,32780,"Medford, OR",41,OR,029,JACKSON,|,41-029-0019
360010005,PM2.5,0005,Albany,Active,NY1,New York Dept. of Environmental Conservation,R2,42.6425,-73.7547,0,-5,US,10580,"Albany-Schenectady-Troy, NY",36,NY,001,ALBANY,|,36-001-0005
417BI1010001,PM2.5,0001,Bishkek,Active,BI1,U.S. Department of State Kyrgyzstan - Bishkek,DSKG,42.827626,74.58384,0,6,KG,NA,NA,na,N/A,N/A,N/A,|,na-N/A-0001
271377554,PM2.5,7554,West Duluth,Active,MN1,Minnesota Pollution Control Agency,R5,46.743889,-92.166946,0,-6,US,20260,"Duluth, MN-WI",27,MN,137,ST. LOUIS,|,27-137-7554
000050311,PM2.5,0311,QuÇbec - êcole Les Primeväres,Active,QC1,Canada-Quebec1,CA,46.77417,-71.36972,10.7,-5,CA,NA,NA,00,CC,005,QUEBEC,|,00-005-0311
000050310,PM2.5,0310,QuÇbec - Colläge St-Charles Garnier,Active,QC1,Canada-Quebec1,CA,46.7969,-71.2461,0,-5,CA,NA,NA,00,CC,005,QUEBEC,|,00-005-0310
000055702,PM2.5,5702,LÇvis - Parc Georges Maranda,Active,QC1,Canada-Quebec1,CA,46.80238,-71.16834,0,-5,CA,NA,NA,00,CC,005,QUEBEC,|,00-005-5702
380150003,PM2.5,0003,Bismarck Residential,Active,ND1,North Dakota Department of Environmental Quality,R8,46.8253,-100.7681,580.1,-6,US,13900,"Bismarck, ND",38,ND,015,BURLEIGH,|,38-015-0003
084BZ1010001,PM2.5,0001,Belmopan,Active,BZ1,U.S. Department of State Belize - Belmopan,DSBH,17.256124,-88.773876,0,-6,BH,NA,NA,na,N/A,N/A,N/A,|,na-N/A-0001
TPCD0035T,PM2.5,035T,"City Hall, Chiangmai",Active,TPCD,Thailand Pollution Control Department,NA,18.840633,98.969661,0,7,NA,NA,NA,na,N/A,N/A,N/A,|,na-N/A-035T
150012020,PM2.5,2020,Ocean View,Active,HI1,Hawaii State Dept. of Health,R9,19.117561,-155.778137,70.2,-10,US,25900,"Hilo, HI",15,HI,001,HAWAII,|,15-001-2020
040191032,PM2.5,1032,Rose Elementary,Active,AZ3,Pima County Department of Environmental Quality,R9,32.1731,-110.9797,0,-7,US,46060,"Tucson, AZ",04,AZ,019,PIMA,|,04-019-1032
280330002,PM2.5,0002,HERNANDO,Active,MS1,Mississippi DEQ,R4,34.820633,-89.987782,112.9,-6,US,32820,"Memphis, TN-MS-AR",28,MS,033,DE SOTO,|,28-033-0002
320031501,PM2.5,1501,RT,Active,NV1,Clark County Department of Environment and Sustainability ,R9,36.139707,-115.175654,0,-8,US,NA,NA,32,NV,003,CLARK,|,32-003-1501
320031502,PM2.5,1502,Casino Center,Active,NV1,Clark County Department of Environment and Sustainability ,R9,36.174365,-115.13977,613.4,-8,US,NA,NA,32,NV,003,CLARK,|,32-003-1502
320030075,PM2.5,0075,Joe Neal,Active,NV1,Clark County Department of Environment and Sustainability ,R9,36.270592,-115.238282,709.7,-8,US,29820,"Las Vegas-Paradise, NV",32,NV,003,CLARK,|,32-003-0075
511071005,PM2.5,1005,ASHBURN,Active,VA1,Virginia Dept. of Environmental Quality,R3,39.02473,-77.48925,0,-5,US,47900,"Washington-Arlington-Alexandria, DC-VA-MD-WV",51,VA,107,LOUDOUN,|,51-107-1005
550890009,PM2.5,0009,HARRINGTON BCH,Active,WI1,Wisconsin Dept. of Natural Resources,R5,43.4981,-87.81,0,-6,US,33340,"Milwaukee-Waukesha-West Allis, WI",55,WI,089,OZAUKEE,|,55-089-0009
124000067001,PM2.5,7001,Milton,Active,ON1,Ontario Ministry of the Environment,CA,43.52965,-79.862449,0,-5,CA,NA,NA,na,N/A,N/A,N/A,|,na-N/A-7001
530330024,PM2.5,0024,Lake Forest Park-Town Center,Active,WA1,Washington Department of Ecology,R10,47.753633,-122.277192,16.2,-8,US,42660,"Seattle-Tacoma-Bellevue, WA",53,WA,033,KING,|,53-033-0024
530639995,PM2.5,9995,Colbert-Greenbluff,Active,WA3,Spokane Regional Clean Air Agency,R10,47.808226,-117.34327,577.4,-8,US,44060,"Spokane, WA",53,WA,063,SPOKANE,|,53-063-9995
180670004,PM2.5,0004,Kokomo - E. Vaile Ave.,Active,IN4,Indiana Dept. of Environmental Management,R5,40.481347,-86.109688,0,-5,US,29020,"Kokomo, IN",18,IN,067,HOWARD,|,18-067-0004
000063001,PM2.5,3001,Burlington,Active,ON1,Ontario Ministry of the Environment,CA,43.314603,-79.80277,0,-5,CA,NA,NA,00,CC,006,ONTARIO,|,00-006-3001
000030901,PM2.5,0901,PICTOU,Active,NS1,Canada-Nova Scotia1,CA,45.681744,-62.696575,0,-4,CA,NA,NA,00,CC,003,NOVA SCOTIA,|,00-003-0901
301110087,PM2.5,0087,Billlings Lockwood,Active,MT1,Montana DEQ,R8,45.806357,-108.426551,0,-7,US,NA,NA,30,MT,111,YELLOWSTONE,|,30-111-0087
000053801,PM2.5,3801,Tingwick,Active,QC1,Canada-Quebec1,CA,45.9075,-71.9492,266.9,-5,CA,NA,NA,00,CC,005,QUEBEC,|,00-005-3801
000103902,PM2.5,3902,Kitimat Haul Road,Active,BC1,British Columbia Ministry of Environment,CA,54.029194,-128.70269,2.1,-8,CA,NA,NA,00,CC,010,BRITISH COLUMBIA,|,00-010-3902
000070301,PM2.5,0301,Flin Flon,Active,CN3,Ministry of Environment and Climate Change Strategy,CA,54.765,-101.8753,0,-6,CA,NA,NA,00,CC,007,MANITOBA,|,00-007-0301
840480291087,PM2.5,1087,San Antonio Bulverde Parkway C1087,Active,TX1,Texas Commission on Environmental Quality,R6,29.63514,-98.41768,0,-6,US,NA,NA,48,TX,029,BEXAR,|,48-029-1087
483611100,PM2.5,1100,SETRPC Mauriceville 42 C642,Active,TX1,Texas Commission on Environmental Quality,R6,30.18,-93.8731,0,-6,US,13140,"Beaumont-Port Arthur, TX",48,TX,361,ORANGE,|,48-361-1100
060592022,PM2.5,2022,Mission Viejo,Active,CA3,South Coast AQMD,R9,33.629991,-117.675875,122,-8,US,31100,"Los Angeles-Long Beach-Santa Ana, CA",06,CA,059,ORANGE,|,06-059-2022
840060374009,PM2.5,4009,Long Beach Signal Hill,Active,CA3,South Coast AQMD,R9,33.793713,-118.171019,7.9,-8,US,31100,"Los Angeles-Long Beach-Santa Ana, CA",06,CA,037,LOS ANGELES,|,06-037-4009
450510008,PM2.5,0008,Coastal Carolina,Active,SC1,South Carolina DES,R4,33.8005,-78.9941,0,-5,US,34820,"Myrtle Beach-Conway-North Myrtle Beach, SC",45,SC,051,HORRY,|,45-051-0008
840371190048,PM2.5,0048,Friendship Park,Active,NC2,Mecklenburg County Air Quality,R4,35.281791,-80.851473,223.9,-5,US,16740,"Charlotte-Gastonia-Concord, NC-SC",37,NC,119,MECKLENBURG,|,37-119-0048
240270006,PM2.5,0006,Howard County Near Road,Active,MD1,Maryland Department of the Environment,R3,39.143197,-76.846192,96.7,-5,US,NA,NA,24,MD,027,HOWARD,|,24-027-0006
391530017,PM2.5,0017,East HS,Active,OH1,Ohio EPA-DAPC,R5,41.063526,-81.468956,0,-5,US,10420,"Akron, OH",39,OH,153,SUMMIT,|,39-153-0017
840560210005,PM2.5,0005,Harriman Road Mobile BAM,Active,WY1,Wyoming Department of Environmental Quality,R8,41.095,-105.1725,2237.5,-7,US,16940,"Cheyenne, WY",56,WY,021,LARAMIE,|,56-021-0005
840390990015,PM2.5,0015,Youngstown State,Active,OH1,Ohio EPA-DAPC,R5,41.106182,-80.640576,0,-5,US,NA,NA,39,OH,099,MAHONING,|,39-099-0015
360870005,PM2.5,0005,Rockland Cty,Active,NY1,New York Dept. of Environmental Conservation,R2,41.182079,-74.028191,140,-5,US,NA,NA,36,NY,087,ROCKLAND,|,36-087-0005
840420810419,PM2.5,0419,Salladasburg,Active,PA1,Pennsylvania Dept. of Environmental Protection,R3,41.266192,-77.230933,0,-5,US,NA,NA,42,PA,081,LYCOMING,|,42-081-0419
840560010012,PM2.5,0012,Laramie SLAMS,Active,WY1,Wyoming Department of Environmental Quality,R8,41.308825,-105.549137,2196,-7,US,29660,"Laramie, WY",56,WY,001,ALBANY,|,56-001-0012
330012004,PM2.5,2004,Laconia,Active,NH1,New Hampshire Dept. of Environmental Services,R1,43.566122,-71.496335,220.8,-5,US,29060,"Laconia, NH",33,NH,001,BELKNAP,|,33-001-2004
124000060450,PM2.5,0450,Brampton,Active,ON1,Ontario Ministry of the Environment,CA,43.669911,-79.766589,0,-5,CA,NA,NA,na,N/A,N/A,N/A,|,na-N/A-0450
124000060440,PM2.5,0440,Toronto North,Active,ON1,Ontario Ministry of the Environment,CA,43.78047,-79.467372,0,-5,CA,NA,NA,na,N/A,N/A,N/A,|,na-N/A-0440
530330031,PM2.5,0031,Bellevue-SE 12th,Active,WA1,Washington Department of Ecology,R10,47.600863,-122.148397,91.8,-8,US,NA,NA,53,WA,033,KING,|,53-033-0031
840530630017,PM2.5,0017,Spokane Valley-E Broadway Ave,Active,WA1,Washington Department of Ecology,R10,47.663962,-117.25765,611.2,-8,US,44060,"Spokane, WA",53,WA,063,SPOKANE,|,53-063-0017
530630047,PM2.5,0047,Spokane-Monroe St.,Active,WA1,Washington Department of Ecology,R10,47.6997,-117.4263,634.4,-8,US,44060,"Spokane, WA",53,WA,063,SPOKANE,|,53-063-0047
000052801,PM2.5,2801,Auclair,Active,QC1,Canada-Quebec1,CA,47.73333,-68.7072,99.1,-5,CA,NA,NA,00,CC,005,QUEBEC,|,00-005-2801
530090017,PM2.5,0017,Port Angeles-E 5th St,Active,WA1,Washington Department of Ecology,R10,48.115,-123.436434,75,-8,US,NA,NA,53,WA,009,CLALLAM,|,53-009-0017
490071003,PM2.5,1003,P2,Active,UT1,Utah Department of Environmental Quality,R8,39.595798,-110.769997,0,-7,US,NA,NA,49,UT,007,CARBON,|,49-007-1003
060570005,PM2.5,0005,Grass Valley,Active,NOS,Northern Sierra AQMD,R9,39.234402,-121.055603,0,-8,US,46020,"Truckee-Grass Valley, CA",06,CA,057,NEVADA,|,06-057-0005
490353006,PM2.5,3006,Hawthorne,Active,UT1,Utah Department of Environmental Quality,R8,40.733501,-111.871696,1314.6,-7,US,41620,"Salt Lake City, UT",49,UT,035,SALT LAKE,|,49-035-3006
CC0093202,PM2.5,3202,Hinton,Active,AB1,Alberta Environmental Monitoring and Reporting Agency (AEMERA),CA,53.2536,-117.3153,0,-7,CA,NA,NA,00,CC,009,ALBERTA,|,00-009-3202
CC0090304,PM2.5,0304,RED DEER - LANCASTER,Active,AB1,Alberta Environmental Monitoring and Reporting Agency (AEMERA),CA,52.24095,-113.765439,0,-7,CA,NA,NA,00,CC,009,ALBERTA,|,00-009-0304
000020104,PM2.5,0104,CHARLOTTETOWN,Active,PE1,Canada-Prince Edward Island1,CA,46.2406,-63.1306,19.8,-4,CA,NA,NA,00,CC,002,PRINCE EDWARD ISLAND,|,00-002-0104
000055401,PM2.5,5401,Trois-Riviäres - Cap-de-la-Madelaine,Active,QC1,Canada-Quebec1,CA,46.362425,-72.510042,0,-5,CA,NA,NA,00,CC,005,QUEBEC,|,00-005-5401
000053301,PM2.5,3301,Deschambault,Active,QC1,Canada-Quebec1,CA,46.6822,-71.9678,53.4,-5,CA,NA,NA,00,CC,005,QUEBEC,|,00-005-3301
230031100,PM2.5,1100,MICMAC,Active,MM1,Aroostook Band of Micmacs,R1,46.6964,-68.033096,164.7,-5,US,NA,NA,23,ME,003,AROOSTOOK,|,23-003-1100
000055001,PM2.5,5001,Mont-Saint-Michel,Active,QC1,Canada-Quebec1,CA,46.7686,-75.4319,261.7,-5,CA,NA,NA,00,CC,005,QUEBEC,|,00-005-5001
800090034,PM2.5,0034,UAM Xochimilco,Active,MXC,Red de Monitoreo de la Calidad del Aire de la Ciudad de Mexico,MX,19.3044,-99.0738,2247.2,-6,MX,NA,NA,80,MX,009,DISTRITO FEDERAL,|,80-009-0034
800090171,PM2.5,0171,Merced,Active,MXC,Red de Monitoreo de la Calidad del Aire de la Ciudad de Mexico,MX,19.4246,-99.1195,2246.3,-6,MX,NA,NA,80,MX,009,DISTRITO FEDERAL,|,80-009-0171
150011006,PM2.5,1006,Hilo,Active,HI1,Hawaii State Dept. of Health,R9,19.717562,-155.110535,0,-10,US,25900,"Hilo, HI",15,HI,001,HAWAII,|,15-001-1006
350130025,PM2.5,0025,Las Cruces ED,Active,NM1,New Mexico Air Quality Bureau,R6,32.310332,-106.751211,0,-7,US,NA,NA,35,NM,013,DONA ANA,|,35-013-0025
320030540,PM2.5,0540,Jerome Mack,Active,NV1,Clark County Department of Environment and Sustainability ,R9,36.141875,-115.078742,538.3,-8,US,29820,"Las Vegas-Paradise, NV",32,NV,003,CLARK,|,32-003-0540
320030071,PM2.5,0071,Walter Johnson,Active,NV1,Clark County Department of Environment and Sustainability ,R9,36.169756,-115.263038,771.7,-8,US,29820,"Las Vegas-Paradise, NV",32,NV,003,CLARK,|,32-003-0071
320030073,PM2.5,0073,Palo Verde,Active,NV1,Clark County Department of Environment and Sustainability ,R9,36.173415,-115.332728,932.7,-8,US,29820,"Las Vegas-Paradise, NV",32,NV,003,CLARK,|,32-003-0073
060530008,PM2.5,0008,King City AMS,Active,MON,Monterey Bay Unified APCD,R9,36.209286,-121.126371,102.8,-8,US,NA,NA,06,CA,053,MONTEREY,|,06-053-0008
840250030008,PM2.5,0008,PittsfieldES,Active,MA1,Massachusetts Dept. of Environmental Protection,R1,42.452299,-73.239648,0,-5,US,NA,NA,25,MA,003,BERKSHIRE,|,25-003-0008
160671011,PM2.5,1011,Paul E-Sampler,Active,ID1,Idaho Department of Environmental Quality,R10,42.607817,-113.786817,0,-7,US,NA,NA,16,ID,067,MINIDOKA,|,16-067-1011
330115001,PM2.5,5001,Miller State Park,Active,NH1,New Hampshire Dept. of Environmental Services,R1,42.86183,-71.878626,697.8,-5,US,31700,"Manchester-Nashua, NH",33,NH,011,HILLSBOROUGH,|,33-011-5001
530770005,PM2.5,0005,Sunnyside-S 16th,Active,WA1,Washington Department of Ecology,R10,46.32033,-119.9981,218.1,-8,US,NA,NA,53,WA,077,YAKIMA,|,53-077-0005
530770009,PM2.5,0009,Yakima-4th Ave,Active,WA1,Washington Department of Ecology,R10,46.594952,-120.512283,326,-8,US,49420,"Yakima, WA",53,WA,077,YAKIMA,|,53-077-0009
230031011,PM2.5,1011,Presque Isle Riverside,Active,ME1,Maine Dept. of Environmental Protection,R1,46.682299,-68.016195,0,-5,US,NA,NA,23,ME,003,AROOSTOOK,|,23-003-1011
720210010,PM2.5,0010,Bayamon 37 (NCore),Active,PR1,Puerto Rico Environmental Quality Board,R2,18.41923,-66.15042,0,-4,US,41980,"San Juan-Caguas-Guaynabo, PR",72,PR,021,BAYAMON,|,72-021-0010
483491051,PM2.5,1051,Corsicana C1051,Active,TX1,Texas Commission on Environmental Quality,R6,32.0319,-96.3992,128.1,-6,US,18620,"Corsicana, TX",48,TX,349,NAVARRO,|,48-349-1051
040190011,PM2.5,0011,Orange Grove,Active,AZ3,Pima County Department of Environmental Quality,R9,32.322573,-111.037709,0,-7,US,NA,NA,04,AZ,019,PIMA,|,04-019-0011
011011002,PM2.5,1002,MONTG,Active,AL1,Alabama Department of Environmental Management,R4,32.412811,-86.263394,67.1,-6,US,33860,"Montgomery, AL",01,AL,101,MONTGOMERY,|,01-101-1002
481390016,PM2.5,0016,Midlothian OFW C52,Active,TX1,Texas Commission on Environmental Quality,R6,32.482081,-97.026922,202.8,-6,US,19100,"Dallas-Fort Worth-Arlington, TX",48,TX,139,ELLIS,|,48-139-0016
051191008,PM2.5,1008,ADEQ-DSR,Active,AR1,Arkansas Department of Environmental Quality,R6,34.681156,-92.328501,0,-6,US,30780,"Little Rock-North Little Rock, AR",05,AR,119,PULASKI,|,05-119-1008
320030043,PM2.5,0043,Paul Meyer,Active,NV1,Clark County Department of Environment and Sustainability ,R9,36.106389,-115.253333,736.6,-8,US,29820,"Las Vegas-Paradise, NV",32,NV,003,CLARK,|,32-003-0043
300830002,PM2.5,0002,Sidney 201,Active,MT1,Montana DEQ,R8,47.8679,-104.676864,0,-7,US,NA,NA,30,MT,083,RICHLAND,|,30-083-0002
530650002,PM2.5,0002,Wellpinit-Spokane Tribe,Active,WA1,Washington Department of Ecology,R10,47.885201,-117.988602,743.3,-8,US,NA,NA,53,WA,065,STEVENS,|,53-065-0002
181830003,PM2.5,0003,Larwill,Active,IN4,Indiana Dept. of Environmental Management,R5,41.169722,-85.629444,0,-5,US,NA,NA,18,IN,183,WHITLEY,|,18-183-0003
840320310031,PM2.5,0031,Reno4,Active,NV2,Northern Nevada Public Health Air Quality Management Division,R9,39.521918,-119.795444,0,-8,US,39900,"Reno-Sparks, NV",32,NV,031,WASHOE,|,32-031-0031
CC0093901,PM2.5,3901,Powers,Active,AB1,Alberta Environmental Monitoring and Reporting Agency (AEMERA),CA,53.6331,-114.4197,0,-7,CA,NA,NA,00,CC,009,ALBERTA,|,00-009-3901
CC0094301,PM2.5,4301,Cold Lake South,Active,AB1,Alberta Environmental Monitoring and Reporting Agency (AEMERA),CA,54.4138,-110.2331,0,-7,CA,NA,NA,00,CC,009,ALBERTA,|,00-009-4301
000070118,PM2.5,0118,Winnipeg_Scotia,Active,CN3,Ministry of Environment and Climate Change Strategy,CA,49.9319,-96.8631,0,-6,CA,NA,NA,00,CC,007,MANITOBA,|,00-007-0118
210610501,PM2.5,0501,Mammoth Cave NP,Active,NPS,National Park Service,USEPA,37.1314,-86.1481,236.1,-6,US,14540,"Bowling Green, KY",21,KY,061,EDMONSON,|,21-061-0501
260770008,PM2.5,0008,KALAMAZOO,Active,MI1,"Michigan Department of Environment, Great Lakes, and Energy",R5,42.2781,-85.5419,390.4,-5,US,28020,"Kalamazoo-Portage, MI",26,MI,077,KALAMAZOO,|,26-077-0008
270834210,PM2.5,4210,Marshall,Active,MN1,Minnesota Pollution Control Agency,R5,44.4572,-95.835,0,-6,US,32140,"Marshall, MN",27,MN,083,LYON,|,27-083-4210
100051002,PM2.5,1002,SEAFORD,Active,DE1,Delaware Dept. of Natural Resources and Environment,R3,38.6539,-75.6106,0,-5,US,42580,"Seaford, DE",10,DE,005,SUSSEX,|,10-005-1002
CC0010102,PM2.5,0102,St. John's,Active,NL1,Newfoundland & Labrador DEC,CA,47.56038,-52.7115,9.8,-3.5,CA,NA,NA,00,CC,001,NEWFOUNDLAND,|,00-001-0102
840401239030,PM2.5,9030,Mobile - Chickasaw,Active,CK1,Cherokee Nation,R6,34.776389,-96.677778,308.1,-6,US,NA,NA,40,OK,123,PONTOTOC,|,40-123-9030
840061079998,PM2.5,9998,Springville,Active,FS1,Forest Service,USEPA,36.1358,-118.8108,0,-8,US,NA,NA,06,CA,107,TULARE,|,06-107-9998
320032003,PM2.5,2003,Walnut Rec.,Active,NV1,Clark County Department of Environment and Sustainability ,R9,36.214465,-115.091437,0,-8,US,NA,NA,32,NV,003,CLARK,|,32-003-2003
320038000,PM2.5,8000,Las Vegas Paiute,Active,TRX,Quality Review and Exchange System for Tribes (QREST),R8,36.357778,-115.361389,928.7,-8,US,NA,NA,32,NV,003,CLARK,|,32-003-8000
201770013,PM2.5,0013,KNI-Topeka,Active,KS1,Kansas Dept. of Health and Environment,R7,39.0242,-95.7114,280,-6,US,45820,"Topeka, KS",20,KS,177,SHAWNEE,|,20-177-0013
840390610042,PM2.5,0042,Lower Price Hill,Active,OH1,Ohio EPA-DAPC,R5,39.10492,-84.55117,0,-5,US,NA,NA,39,OH,061,HAMILTON,|,39-061-0042
361192004,PM2.5,2004,White Plains,Active,NY1,New York Dept. of Environmental Conservation,R2,41.0522,-73.7642,0,-5,US,35620,"New York-Northern New Jersey-Long Island, NY-NJ-PA",36,NY,119,WESTCHESTER,|,36-119-2004
391030004,PM2.5,0004,Chippewa,Active,OH1,Ohio EPA-DAPC,R5,41.0604,-81.9239,0,-5,US,17460,"Cleveland-Elyria-Mentor, OH",39,OH,103,MEDINA,|,39-103-0004
124000061603,PM2.5,1603,Oakville,Active,ON1,Ontario Ministry of the Environment,CA,43.486917,-79.702278,0,-5,CA,NA,NA,na,N/A,N/A,N/A,|,na-N/A-1603
410250003,PM2.5,0003,Burns - Washington St.,Active,OR1,Oregon Dept. of Environmental Quality,R10,43.58925,-119.048302,1266.7,-8,US,NA,NA,41,OR,025,HARNEY,|,41-025-0003
840230050015,PM2.5,0015,Portland Tukey's Bridge,Active,ME1,Maine Dept. of Environmental Protection,R1,43.678,-70.2561,0,-5,US,38860,"Portland-South Portland-Biddeford, ME",23,ME,005,CUMBERLAND,|,23-005-0015
530070010,PM2.5,0010,Leavenworth-Evans St,Active,WA1,Washington Department of Ecology,R10,47.5988,-120.6647,357.2,-8,US,48300,"Wenatchee, WA",53,WA,007,CHELAN,|,53-007-0010
840300990005,PM2.5,0005,Choteau,Active,MT1,Montana DEQ,R8,47.820308,-112.19363,0,-7,US,NA,NA,30,MT,099,TETON,|,30-099-0005
381010003,PM2.5,0003,RYDER,Active,ND1,North Dakota Department of Environmental Quality,R8,47.940861,-101.571583,665.5,-6,US,NA,NA,38,ND,101,WARD,|,38-101-0003
300710010,PM2.5,0010,Malta,Active,MT1,Montana DEQ,R8,48.317507,-107.862471,0,-7,US,NA,NA,30,MT,071,PHILLIPS,|,30-071-0010
840021851111,PM2.5,1111,BLM-Kaktovik,Active,BLK,Bureau of Land Management - Alaska ,R10,70.1319,-143.6239,0,-9,US,NA,NA,02,AK,185,NORTH SLOPE,|,02-185-1111
420692006,PM2.5,2006,Scranton,Active,PA1,Pennsylvania Dept. of Environmental Protection,R3,41.4428,-75.6231,0,-5,US,42540,"Scranton--Wilkes-Barre, PA",42,PA,069,LACKAWANNA,|,42-069-2006
CC0040207,PM2.5,0207,SAINT JOHN WEST,Active,NB1,Canada-New Brunswick1,CA,45.25315,-66.079931,54.9,-4,CA,NA,NA,00,CC,004,NEW BRUNSWICK,|,00-004-0207
410650007,PM2.5,0007,The Dalles - Cherry Heights,Active,OR1,Oregon Dept. of Environmental Quality,R10,45.602419,-121.203387,86.3,-8,US,17180,"City of The Dalles, OR",41,OR,065,WASCO,|,41-065-0007
300490026,PM2.5,0026,Rossiter Pump House,Active,MT1,Montana DEQ,R8,46.6588,-112.0131,1139.8,-7,US,25740,"Helena, MT",30,MT,049,LEWIS AND CLARK,|,30-049-0026
BJ1010001,PM2.5,0001,Beijing,Active,BJ1,U.S. Department of State China - Beijing,DSCH,39.953352,116.466258,0,8,CH,NA,NA,na,N/A,N/A,N/A,|,na-N/A-0001
481490001,PM2.5,0001,Fayette C601,Active,TX1,Texas Commission on Environmental Quality,R6,29.962474,-96.745875,128.1,-6,US,NA,NA,48,TX,149,FAYETTE,|,48-149-0001
360551007,PM2.5,1007,Rochester,Active,NY1,New York Dept. of Environmental Conservation,R2,43.1461,-77.5481,0,-5,US,40380,"Rochester, NY",36,NY,055,MONROE,|,36-055-1007
360671015,PM2.5,1015,E Syracuse,Active,NY1,New York Dept. of Environmental Conservation,R2,43.0528,-76.0597,0,-5,US,45060,"Syracuse, NY",36,NY,067,ONONDAGA,|,36-067-1015
500210002,PM2.5,0002,Rutland,Active,VT1,Vermont Air Quality & Climate Division,R1,43.608528,-72.98246,171.1,-5,US,40860,"Rutland, VT",50,VT,021,RUTLAND,|,50-021-0002
261130001,PM2.5,0001,HOUGHTON LAKE,Active,MI1,"Michigan Department of Environment, Great Lakes, and Energy",R5,44.3106,-84.891899,0,-5,US,15620,"Cadillac, MI",26,MI,113,MISSAUKEE,|,26-113-0001
191530030,PM2.5,0030,CARPENTER,Active,IA2,Polk Co. Air Quality Division,R7,41.6031,-93.643303,282.1,-6,US,19780,"Des Moines, IA",19,IA,153,POLK,|,19-153-0030
471071002,PM2.5,1002,ATHENS,Active,TN1,Tennessee Air Pollution Control Div.,R4,35.4511,-84.5992,0,-5,US,11940,"Athens, TN",47,TN,107,MC MINN,|,47-107-1002
450830011,PM2.5,0011,TK Gregg,Active,SC1,South Carolina DES,R4,34.955601,-81.924797,232.1,-5,US,43900,"Spartanburg, SC",45,SC,083,SPARTANBURG,|,45-083-0011
CC0010501,PM2.5,0501,Grand Falls Windsor,Active,NL1,Newfoundland & Labrador DEC,CA,48.92696,-55.6597,0,-3.5,CA,NA,NA,00,CC,001,NEWFOUNDLAND,|,00-001-0501
481351014,PM2.5,1014,Odessa Gonzales C1014,Active,TX1,Texas Commission on Environmental Quality,R6,31.870253,-102.334756,884.5,-6,US,36220,"Odessa, TX",48,TX,135,ECTOR,|,48-135-1014
121152002,PM2.5,2002,Jackson Road,Active,FL1,Florida Dept. of Environmental Protection,R4,27.0892,-82.3625,0,-5,US,42260,"Sarasota-Bradenton-Venice, FL",12,FL,115,SARASOTA,|,12-115-2002
530710005,PM2.5,0005,Walla Walla-12th St,Active,WA1,Washington Department of Ecology,R10,46.0588,-118.3514,266.9,-8,US,47460,"Walla Walla, WA",53,WA,071,WALLA WALLA,|,53-071-0005
530270011,PM2.5,0011,Taholah-Quinault Tribe,Active,WA1,Washington Department of Ecology,R10,47.339802,-124.291801,13.7,-8,US,10140,"Aberdeen, WA",53,WA,027,GRAYS HARBOR,|,53-027-0011
410370001,PM2.5,0001,Lakeview - Center & M,Active,OR1,Oregon Dept. of Environmental Quality,R10,42.189215,-120.353969,1445.7,-8,US,NA,NA,41,OR,037,LAKE,|,41-037-0001
120850007,PM2.5,0007,Stuart,Active,FL1,Florida Dept. of Environmental Protection,R4,27.172459,-80.240692,0,-5,US,NA,NA,12,FL,085,MARTIN,|,12-085-0007
060190011,PM2.5,0011,Fresno - Garland,Active,CA8,California Air Resources Board,R9,36.78538,-119.77321,97,-8,US,NA,NA,06,CA,019,FRESNO,|,06-019-0011
240150003,PM2.5,0003,Fair Hill,Active,MD1,Maryland Department of the Environment,R3,39.701099,-75.860001,117.7,-5,US,37980,"Philadelphia-Camden-Wilmington, PA-NJ-DE-MD",24,MD,015,CECIL,|,24-015-0003
080310013,PM2.5,0013,Denver - NJH - 14th Ave. & Albion St.,Active,CO1,Colorado Department of Public Health and Environment,R8,39.7386,-104.9394,1629.3,-7,US,19740,"Denver-Aurora, CO",08,CO,031,DENVER,|,08-031-0013
840160410002,PM2.5,0002,Preston PM25 BAM,Active,ID1,Idaho Department of Environmental Quality,R10,42.082222,-111.864167,1439.9,-7,US,NA,NA,16,ID,041,FRANKLIN,|,16-041-0002
250130018,PM2.5,0018,SPRINGFIELDSP,Active,MA1,Massachusetts Dept. of Environmental Protection,R1,42.120248,-72.58499,0,-5,US,NA,NA,25,MA,013,HAMPDEN,|,25-013-0018
840250250045,PM2.5,0045,BOSTON-Chinatown,Active,MA1,Massachusetts Dept. of Environmental Protection,R1,42.349954,-71.059194,6.1,-5,US,NA,NA,25,MA,025,SUFFOLK,|,25-025-0045
261630093,PM2.5,0093,ELIZA HOWELL-NR,Active,MI1,"Michigan Department of Environment, Great Lakes, and Energy",R5,42.38599,-83.266319,0,-5,US,19820,"Detroit-Warren-Livonia, MI",26,MI,163,WAYNE,|,26-163-0093
840410570002,PM2.5,0002,Tillamook Jr High School,Active,OR1,Oregon Dept. of Environmental Quality,R10,45.454722,-123.82,0,-8,US,NA,NA,41,OR,057,TILLAMOOK,|,41-057-0002
000102102,PM2.5,2102,Nanaimo Labieux Road,Active,BC1,British Columbia Ministry of Environment,CA,49.20083,-123.99389,122,-8,CA,NA,NA,00,CC,010,BRITISH COLUMBIA,|,00-010-2102
000100119,PM2.5,0119,Burnaby South,Active,BC2,Metro Vancouver,CA,49.21528,-122.98556,144.9,-8,CA,NA,NA,00,CC,010,BRITISH COLUMBIA,|,00-010-0119
840080050005,PM2.5,0005,Arapahoe Community College,Active,CO1,Colorado Department of Public Health and Environment,R8,39.60439,-105.01952,0,-7,US,19740,"Denver-Aurora, CO",08,CO,005,ARAPAHOE,|,08-005-0005
120112003,PM2.5,2003,POMPANO_BEACH,Active,FL2,Broward County Natural Resources Division,R4,26.2906,-80.0969,0,-5,US,33100,"Miami-Fort Lauderdale-Miami Beach, FL",12,FL,011,BROWARD,|,12-011-2003
260810020,PM2.5,0020,GRAND RAPIDS,Active,MI1,"Michigan Department of Environment, Great Lakes, and Energy",R5,42.984699,-85.671097,0,-5,US,24340,"Grand Rapids-Wyoming, MI",26,MI,081,KENT,|,26-081-0020
124000080502,PM2.5,0502,Estevan,Active,SK1,Saskatchewan Environment,CA,49.132333,-102.985056,0,-6,CA,NA,NA,na,N/A,N/A,N/A,|,na-N/A-0502
280110002,PM2.5,0002,CLEVELAND,Active,MS1,Mississippi DEQ,R4,33.750833,-90.734167,40,-6,US,NA,NA,28,MS,011,BOLIVAR,|,28-011-0002
420030008,PM2.5,0008,Lawrenceville,Active,PA3,Allegheny County,R3,40.4656,-79.9611,274.5,-5,US,38300,"Pittsburgh, PA",42,PA,003,ALLEGHENY,|,42-003-0008
530272002,PM2.5,2002,Aberdeen-Division St,Active,WA1,Washington Department of Ecology,R10,46.9772,-123.8317,0.3,-8,US,10140,"Aberdeen, WA",53,WA,027,GRAYS HARBOR,|,53-027-2002
530010003,PM2.5,0003,Ritzville-Alder St ,Active,WA1,Washington Department of Ecology,R10,47.127998,-118.381897,550.2,-8,US,NA,NA,53,WA,001,ADAMS,|,53-001-0003
370350004,PM2.5,0004,HICKORY,Active,NC1,North Carolina DEQ - Division of Air Quality,R4,35.728889,-81.365556,640.2,-5,US,25860,"Hickory-Lenoir-Morganton, NC",37,NC,035,CATAWBA,|,37-035-0004
000054401,PM2.5,4401,Saint-Anicet,Active,QC1,Canada-Quebec1,CA,45.1167,-74.2833,49.4,-5,CA,NA,NA,00,CC,005,QUEBEC,|,00-005-4401
410432003,PM2.5,2003,Lyons,Active,OR1,Oregon Dept. of Environmental Quality,R10,44.778743,-122.617048,0,-8,US,NA,NA,41,OR,043,LINN,|,41-043-2003
000101101,PM2.5,1101,Chilliwack,Active,BC2,Metro Vancouver,CA,49.15611,-121.94056,15.3,-8,CA,NA,NA,00,CC,010,BRITISH COLUMBIA,|,00-010-1101
420450109,PM2.5,0109,Marcus Hook,Active,PA1,Pennsylvania Dept. of Environmental Protection,R3,39.818715,-75.413973,7,-5,US,37980,"Philadelphia-Camden-Wilmington, PA-NJ-DE-MD",42,PA,045,DELAWARE,|,42-045-0109
481410055,PM2.5,0055,Ascarate Park Southeast C37,Active,TX1,Texas Commission on Environmental Quality,R6,31.7467,-106.402802,1122.4,-7,US,21340,"El Paso, TX",48,TX,141,EL PASO,|,48-141-0055
350010029,PM2.5,0029,South Valley,Active,NM2,Albuquerque Environmental Health Department,R6,35.0186,-106.651901,1508.8,-7,US,10740,"Albuquerque, NM",35,NM,001,BERNALILLO,|,35-001-0029
131270006,PM2.5,0006,Brunswick,Active,GA1,Georgia Department of Natural Resources,R4,31.1694,-81.4964,0,-5,US,15260,"Brunswick, GA",13,GA,127,GLYNN,|,13-127-0006
840060472510,PM2.5,2510,Merced-M St,Active,CA6,San Joaquin Valley Unified APCD,R9,37.30833,-120.480361,0,-8,US,32900,"Merced, CA",06,CA,047,MERCED,|,06-047-2510
480612004,PM2.5,2004,Isla Blanca C323/C667,Active,TX1,Texas Commission on Environmental Quality,R6,26.0733,-97.1667,3.1,-6,US,NA,NA,48,TX,061,CAMERON,|,48-061-2004
481391044,PM2.5,1044,Italy C1044,Active,TX1,Texas Commission on Environmental Quality,R6,32.1772,-96.8711,164.7,-6,US,19100,"Dallas-Fort Worth-Arlington, TX",48,TX,139,ELLIS,|,48-139-1044
060631010,PM2.5,1010,Portola,Active,NOS,Northern Sierra AQMD,R9,39.8134,-120.4707,0,-8,US,NA,NA,06,CA,063,PLUMAS,|,06-063-1010
290390001,PM2.5,0001,El Do Springs,Active,MO1,Missouri Department of Natural Resources,R7,37.70097,-94.03474,294.3,-6,US,NA,NA,29,MO,039,CEDAR,|,29-039-0001
010731010,PM2.5,1010,LEEDS,Active,AL2,Jefferson County Department of Health,R4,33.5453,-86.5492,0,-6,US,13820,"Birmingham-Hoover, AL",01,AL,073,JEFFERSON,|,01-073-1010
340410007,PM2.5,0007,Columbia,Active,NJ1,New Jersey Dept. of Environmental Protection,R2,40.924606,-75.067825,146.1,-5,US,NA,NA,34,NJ,041,WARREN,|,34-041-0007
840340310005,PM2.5,0005,Paterson,Active,NJ1,New Jersey Dept. of Environmental Protection,R2,40.918381,-74.168092,34.2,-5,US,35620,"New York-Northern New Jersey-Long Island, NY-NJ-PA",34,NJ,031,PASSAIC,|,34-031-0005
530450007,PM2.5,0007,Shelton-W Franklin,Active,WA1,Washington Department of Ecology,R10,47.213551,-123.100807,7,-8,US,43220,"Shelton, WA",53,WA,045,MASON,|,53-045-0007
124000056001,PM2.5,6001,Radisson,Active,QC1,Canada-Quebec1,CA,53.69218,-77.74102,0,-5,CA,NA,NA,00,CC,005,QUEBEC,|,00-005-6001
401430174,PM2.5,0174,Glenpool,Active,OK1,Oklahoma Department of Environmental Quality,R6,35.9525,-96.0033,0,-6,US,46140,"Tulsa, OK",40,OK,143,TULSA,|,40-143-0174
160650002,PM2.5,0002,Rexburg PM25,Active,ID1,Idaho Department of Environmental Quality,R10,43.809486,-111.800475,0,-7,US,NA,NA,16,ID,065,MADISON,|,16-065-0002
390350045,PM2.5,0045,Cleveland Fire St13,Active,OH1,Ohio EPA-DAPC,R5,41.471782,-81.656792,0,-5,US,NA,NA,39,OH,035,CUYAHOGA,|,39-035-0045
420710012,PM2.5,0012,Lancaster DW,Active,PA1,Pennsylvania Dept. of Environmental Protection,R3,40.0439,-76.1125,116.5,-5,US,29540,"Lancaster, PA",42,PA,071,LANCASTER,|,42-071-0012
80011G014,PM2.5,G014,Estaci¢n San Luis de la Paz,Active,IEG,Secretar°a de Medio Ambiente y Ordenamiento Territorial,MX,21.298874,-100.51557,613.1,-6,MX,NA,NA,80,MX,011,GUANAJUATO,|,80-011-G014
840300010003,PM2.5,0003,Dillon,Active,MT1,Montana DEQ,R8,45.206448,-112.642518,0,-7,US,NA,NA,30,MT,001,BEAVERHEAD,|,30-001-0003
840060831009,PM2.5,1009,Santa Maria,Active,CA9,Santa Barbara County Air Pollution Control District,R9,34.890667,-120.432844,100,-8,US,42060,"Santa Barbara-Santa Maria, CA",06,CA,083,SANTA BARBARA,|,06-083-1009
000060410,PM2.5,0410,Toronto East,Active,ON1,Ontario Ministry of the Environment,CA,43.747917,-79.274056,0,-5,CA,NA,NA,00,CC,006,ONTARIO,|,00-006-0410
124000060430,PM2.5,0430,Toronto West,Active,ON1,Ontario Ministry of the Environment,CA,43.709444,-79.5435,0,-5,CA,NA,NA,na,N/A,N/A,N/A,|,na-N/A-0430
060292009,PM2.5,2009,Lebec,Active,CA6,San Joaquin Valley Unified APCD,R9,34.8416,-118.8647,0,-8,US,NA,NA,06,CA,029,KERN,|,06-029-2009
480291069,PM2.5,1069,San Antonio IH35 C1069,Active,TX1,Texas Commission on Environmental Quality,R6,29.5294,-98.39139,237.9,-6,US,41700,"San Antonio, TX",48,TX,029,BEXAR,|,48-029-1069
SH1010001,PM2.5,0001,Shanghai,Active,SH1,U.S. Department of State China - Shanghai,DSCH,31.210683,121.448226,0,8,CH,NA,NA,na,N/A,N/A,N/A,|,na-N/A-0001
380530002,PM2.5,0002,TRNP-NU,Active,ND1,North Dakota Department of Environmental Quality,R8,47.6011,-103.2642,0,-6,US,NA,NA,38,ND,053,MC KENZIE,|,38-053-0002
180970078,PM2.5,0078,Indpls-Washington Park,Active,IN4,Indiana Dept. of Environmental Management,R5,39.810833,-86.114444,0,-5,US,26900,"Indianapolis, IN",18,IN,097,MARION,|,18-097-0078
290210005,PM2.5,0005,St. Joseph,Active,MO1,Missouri Department of Natural Resources,R7,39.741667,-94.858333,257.7,-6,US,41140,"St. Joseph, MO-KS",29,MO,021,BUCHANAN,|,29-021-0005
340070002,PM2.5,0002,Camden Spruce St,Active,NJ1,New Jersey Dept. of Environmental Protection,R2,39.934446,-75.125291,1.2,-5,US,37980,"Philadelphia-Camden-Wilmington, PA-NJ-DE-MD",34,NJ,007,CAMDEN,|,34-007-0002
840170310119,PM2.5,0119,Kingery Near-road #1,Active,IL1,Illinois EPA,R5,41.578603,-87.557392,0,-6,US,16980,"Chicago-Naperville-Joliet, IL-IN-WI",17,IL,031,COOK,|,17-031-0119
120090007,PM2.5,0007,Melbourne,Active,FL1,Florida Dept. of Environmental Protection,R4,28.0542,-80.6283,0,-5,US,37340,"Palm Bay-Melbourne-Titusville, FL",12,FL,009,BREVARD,|,12-009-0007
400430860,PM2.5,0860,Seiling,Active,OK1,Oklahoma Department of Environmental Quality,R6,36.1589,-98.9353,0,-6,US,NA,NA,40,OK,043,DEWEY,|,40-043-0860
480290676,PM2.5,0676,San Antonio Palo Alto C676,Active,TX1,Texas Commission on Environmental Quality,R6,29.332803,-98.551396,196.7,-6,US,41700,"San Antonio, TX",48,TX,029,BEXAR,|,48-029-0676
484391053,PM2.5,1053,Fort Worth CA Parkway N C1053,Active,TX1,Texas Commission on Environmental Quality,R6,32.664739,-97.337983,213.5,-6,US,19100,"Dallas-Fort Worth-Arlington, TX",48,TX,439,TARRANT,|,48-439-1053
020200018,PM2.5,0018,Garden,Active,AK1,State of Alaska DEC,R10,61.205861,-149.8246,38.7,-9,US,11260,"Anchorage, AK",02,AK,020,ANCHORAGE,|,02-020-0018
840410352040,PM2.5,2040,Chiloquin,Active,OR1,Oregon Dept. of Environmental Quality,R10,42.541077,-121.921636,0,-8,US,NA,NA,41,OR,035,KLAMATH,|,41-035-2040
410050004,PM2.5,0004,Portland - Spangler Road,Active,OR1,Oregon Dept. of Environmental Quality,R10,45.25928,-122.588151,173.2,-8,US,38900,"Portland-Vancouver-Beaverton, OR-WA",41,OR,005,CLACKAMAS,|,41-005-0004
060090001,PM2.5,0001,San Andreas,Active,CA8,California Air Resources Board,R9,38.20185,-120.680277,300.1,-8,US,NA,NA,06,CA,009,CALAVERAS,|,06-009-0001
060290014,PM2.5,0014,Bakersfield - California Ave,Active,CA8,California Air Resources Board,R9,35.356615,-119.062613,0,-8,US,12540,"Bakersfield, CA",06,CA,029,KERN,|,06-029-0014
300490004,PM2.5,0004,NCORE,Active,MT1,Montana DEQ,R8,46.8505,-111.987164,0,-7,US,NA,NA,30,MT,049,LEWIS AND CLARK,|,30-049-0004
060450006,PM2.5,0006,Ukiah Library,Active,MEN,Mendocino County AQMD,R9,39.150478,-123.206528,189.1,-8,US,NA,NA,06,CA,045,MENDOCINO,|,06-045-0006
720330004,PM2.5,0004,Cata§o 40,Active,PR1,Puerto Rico Environmental Quality Board,R2,18.428388,-66.141657,0,-4,US,41980,"San Juan-Caguas-Guaynabo, PR",72,PR,033,CATANO,|,72-033-0004
800090154,PM2.5,0154,Hospital General de MÇxico,Active,MXC,Red de Monitoreo de la Calidad del Aire de la Ciudad de Mexico,MX,19.4116,-99.1522,2235.3,-6,MX,NA,NA,80,MX,009,DISTRITO FEDERAL,|,80-009-0154
460330132,PM2.5,0132,WIND CAVE,Active,SD1,South Dakota Department of Agriculture and Natural Resources,R8,43.557613,-103.483658,1290.2,-7,US,NA,NA,46,SD,033,CUSTER,|,46-033-0132
840180190010,PM2.5,0010,Jeffersonville - Bates-Bowyer Av,Active,IN4,Indiana Dept. of Environmental Management,R5,38.288191,-85.741337,140,-5,US,NA,NA,18,IN,019,CLARK,|,18-019-0010
120570113,PM2.5,0113,MUNRO STREET,Active,FL4,Hillsborough County - Tampa ,R4,27.955133,-82.469532,0,-5,US,45300,"Tampa-St. Petersburg-Clearwater, FL",12,FL,057,HILLSBOROUGH,|,12-057-0113
010731005,PM2.5,1005,MCADORY,Active,AL2,Jefferson County Department of Health,R4,33.3311,-87.0036,0,-6,US,13820,"Birmingham-Hoover, AL",01,AL,073,JEFFERSON,|,01-073-1005
840TT5950010,PM2.5,0010,Salton Sea Beach,Active,TOR,Torres Martinez Desert Cahuilla Indians,R9,33.37911,-116.016056,0,-8,US,NA,NA,na,N/A,N/A,N/A,|,na-N/A-0010
050350005,PM2.5,0005,MARION,Active,AR1,Arkansas Department of Environmental Quality,R6,35.197156,-90.193178,0,-6,US,32820,"Memphis, TN-MS-AR",05,AR,035,CRITTENDEN,|,05-035-0005
371190045,PM2.5,0045,Remount,Active,NC2,Mecklenburg County Air Quality,R4,35.213171,-80.874084,0,-5,US,16740,"Charlotte-Gastonia-Concord, NC-SC",37,NC,119,MECKLENBURG,|,37-119-0045
371190041,PM2.5,0041,Garinger,Active,NC2,Mecklenburg County Air Quality,R4,35.2411,-80.7831,0,-5,US,16740,"Charlotte-Gastonia-Concord, NC-SC",37,NC,119,MECKLENBURG,|,37-119-0041
460110003,PM2.5,0003,Research Farm,Active,SD1,South Dakota Department of Agriculture and Natural Resources,R8,44.348604,-96.807299,0,-6,US,NA,NA,46,SD,011,BROOKINGS,|,46-011-0003
682RIY010001,PM2.5,0001,Riyadh,Active,RIY,U.S. Department of State Saudi Arabia - Riyadh,DSSA,24.68122,46.62074,0,3,SA,NA,NA,na,N/A,N/A,N/A,|,na-N/A-0001
482030002,PM2.5,0002,Karnack C85,Active,TX1,Texas Commission on Environmental Quality,R6,32.6706,-94.1681,0,-6,US,32220,"Marshall, TX",48,TX,203,HARRISON,|,48-203-0002
840130210007,PM2.5,0007,Macon Allied,Active,GA1,Georgia Department of Natural Resources,R4,32.77729,-83.6412,0,-5,US,NA,NA,13,GA,021,BIBB,|,13-021-0007
040132001,PM2.5,2001,Glendale Community College,Active,AZ2,Maricopa County Air Quality Department,R9,33.5694,-112.1915,350.4,-7,US,38060,"Phoenix-Mesa-Scottsdale, AZ",04,AZ,013,MARICOPA,|,04-013-2001
060990006,PM2.5,0006,Turlock - S. Minaret Street,Active,CA6,San Joaquin Valley Unified APCD,R9,37.4883,-120.8358,0,-8,US,33700,"Modesto, CA",06,CA,099,STANISLAUS,|,06-099-0006
300630038,PM2.5,0038,Seeley Elementary School,Active,MT1,Montana DEQ,R8,47.17563,-113.476182,0,-7,US,NA,NA,30,MT,063,MISSOULA,|,30-063-0038
482011034,PM2.5,1034,Houston East C1,Active,TX1,Texas Commission on Environmental Quality,R6,29.7681,-95.2206,6.1,-6,US,26420,"Houston-Sugar Land-Baytown, TX",48,TX,201,HARRIS,|,48-201-1034
840560290001,PM2.5,0001,Cody SLAMS,Active,WY1,Wyoming Department of Environmental Quality,R8,44.524642,-109.068507,1524.1,-7,US,NA,NA,56,WY,029,PARK,|,56-029-0001
461030020,PM2.5,0020,Credit Union,Active,SD1,South Dakota Department of Agriculture and Natural Resources,R8,44.087397,-103.273777,0,-7,US,39660,"Rapid City, SD",46,SD,103,PENNINGTON,|,46-103-0020
060890007,PM2.5,0007,Anderson,Active,SHA,Shasta County Air Quality Management District,R9,40.4531,-122.2978,137.3,-8,US,39820,"Redding, CA",06,CA,089,SHASTA,|,06-089-0007
KM1010002,PM2.5,0002,Phora Durbar Kathmandu,Active,KM1,U.S. Department of State Nepal - Kathmandu,DSNP,27.712464,85.315703,0,5.75,NP,NA,NA,na,N/A,N/A,N/A,|,na-N/A-0002
840180430008,PM2.5,0008,New Albany - 4H Road,Active,IN4,Indiana Dept. of Environmental Management,R5,38.3178,-85.8333,0,-5,US,31140,"Louisville, KY-IN",18,IN,043,FLOYD,|,18-043-0008
124CC0090809,PM2.5,0809,Conklin East,Active,AB1,Alberta Environmental Monitoring and Reporting Agency (AEMERA),CA,55.632331,-111.078872,0,-7,CA,NA,NA,na,N/A,N/A,N/A,|,na-N/A-0809
060798002,PM2.5,8002,Atascadero,Active,SLO,San Luis Obispo County APCD,R9,35.494556,-120.666203,260.2,-8,US,42020,"San Luis Obispo-Paso Robles, CA",06,CA,079,SAN LUIS OBISPO,|,06-079-8002
266GAB010001,PM2.5,0001,Libreville,Active,GAB,U.S. Department of State Gabon - Libreville,DSGB,0.3902,9.44436,0,1,GB,NA,NA,na,N/A,N/A,N/A,|,na-N/A-0001
104MMR010001,PM2.5,0001,Rangoon,Active,MMR,U.S. Department of State Burma - Rangoon,DSBM,16.8256,96.1445,0,6.5,BM,NA,NA,na,N/A,N/A,N/A,|,na-N/A-0001
840060199998,PM2.5,9998,Trimmer,Active,FS1,Forest Service,USEPA,36.90575,-119.2954,0,-8,US,NA,NA,06,CA,019,FRESNO,|,06-019-9998
TPCD0054T,PM2.5,054T,National Housing Authority Dindaeng,Active,TPCD,Thailand Pollution Control Department,NA,13.762517,100.5502,0,7,NA,NA,NA,na,N/A,N/A,N/A,|,na-N/A-054T
CC0090218,PM2.5,0218,Calgary East,Active,AB1,Alberta Environmental Monitoring and Reporting Agency (AEMERA),CA,51.0094,-114.0253,0,-7,CA,NA,NA,00,CC,009,ALBERTA,|,00-009-0218
CC0090606,PM2.5,0606,Bruderheim,Active,AB1,Alberta Environmental Monitoring and Reporting Agency (AEMERA),CA,53.800117,-112.927795,0,-7,CA,NA,NA,00,CC,009,ALBERTA,|,00-009-0606
320GT1010001,PM2.5,0001,Guatemala City,Active,GT1,U.S. Department of State Guatemala - Guatemala City,DSGT,14.989397,-90.522408,0,-6,GT,NA,NA,na,N/A,N/A,N/A,|,na-N/A-0001
211950002,PM2.5,0002,PIKE2001,Active,KY1,Kentucky DEP,R4,37.4828,-82.5353,0,-5,US,NA,NA,21,KY,195,PIKE,|,21-195-0002
840211451027,PM2.5,1027,Paducah Transit,Active,KY1,Kentucky DEP,R4,37.08725,-88.60802,0,-5,US,NA,NA,21,KY,145,MC CRACKEN,|,21-145-1027
320031019,PM2.5,1019,Jean,Active,NV1,Clark County Department of Environment and Sustainability ,R9,35.785665,-115.357087,925.1,-8,US,29820,"Las Vegas-Paradise, NV",32,NV,003,CLARK,|,32-003-1019
080970008,PM2.5,0008,Yellow Brick Building,Active,CO1,Colorado Department of Public Health and Environment,R8,39.192966,-106.823183,2409.8,-7,US,NA,NA,08,CO,097,PITKIN,|,08-097-0008
060254004,PM2.5,4004,Niland - English Road,Active,CA0,Imperial County Air Pollution Control District,R9,33.2136,-115.5444,0,-8,US,20940,"El Centro, CA",06,CA,025,IMPERIAL,|,06-025-4004
290990019,PM2.5,0019,Arnold West,Active,MO1,Missouri Department of Natural Resources,R7,38.448581,-90.398436,194,-6,US,41180,"St. Louis, MO-IL",29,MO,099,JEFFERSON,|,29-099-0019
170830117,PM2.5,0117,JERSEYVL,Active,IL1,Illinois EPA,R5,39.101439,-90.344494,0,-6,US,NA,NA,17,IL,083,JERSEY,|,17-083-0117
120590004,PM2.5,0004,Bonifay,Active,FL1,Florida Dept. of Environmental Protection,R4,30.8475,-85.6044,0,-6,US,NA,NA,12,FL,059,HOLMES,|,12-059-0004
060530002,PM2.5,0002,Carmel Valley AMS,Active,MON,Monterey Bay Unified APCD,R9,36.48187,-121.73333,200.1,-8,US,41500,"Salinas, CA",06,CA,053,MONTEREY,|,06-053-0002
484910690,PM2.5,0690,Lake Georgetown C690,Active,CAP,Capital Area Council of Governments,R6,30.666508,-97.734592,258.6,-6,US,12420,"Austin-Round Rock, TX",48,TX,491,WILLIAMSON,|,48-491-0690
530611007,PM2.5,1007,Marysville-7th Ave,Active,WA1,Washington Department of Ecology,R10,48.054315,-122.171529,11,-8,US,42660,"Seattle-Tacoma-Bellevue, WA",53,WA,061,SNOHOMISH,|,53-061-1007
220511001,PM2.5,1001,Kenner,Active,LA1,Louisiana Department of Environmental Quality,R6,30.0411,-90.2728,0,-6,US,35380,"New Orleans-Metairie-Kenner, LA",22,LA,051,JEFFERSON,|,22-051-1001
060371201,PM2.5,1201,Reseda,Active,CA3,South Coast AQMD,R9,34.1992,-118.5331,70.8,-8,US,31100,"Los Angeles-Long Beach-Santa Ana, CA",06,CA,037,LOS ANGELES,|,06-037-1201
060890004,PM2.5,0004,Redding,Active,SHA,Shasta County Air Quality Management District,R9,40.5497,-122.3792,152.5,-8,US,39820,"Redding, CA",06,CA,089,SHASTA,|,06-089-0004
PI1010001,PM2.5,0001,Pristina,Active,PI1,U.S. Department of State Kosovo - Pristina,DSKV,42.655959,21.139953,0,1,KV,NA,NA,na,N/A,N/A,N/A,|,na-N/A-0001
CC0094401,PM2.5,4401,St. Lina,Active,AB1,Alberta Environmental Monitoring and Reporting Agency (AEMERA),CA,54.216473,-111.50264,0,-7,CA,NA,NA,00,CC,009,ALBERTA,|,00-009-4401
490530130,PM2.5,0130,Zion NP,Active,NPS,National Park Service,USEPA,37.1983,-113.1506,0,-7,US,41100,"St. George, UT",49,UT,053,WASHINGTON,|,49-053-0130
MNA010001,PM2.5,0001,Manama,Active,MNA,U.S. Department of State Bahrain - Manama,DSBA,26.204697,50.570833,0,3,BA,NA,NA,na,N/A,N/A,N/A,|,na-N/A-0001
120571065,PM2.5,1065,GANDY,Active,FL4,Hillsborough County - Tampa ,R4,27.8928,-82.5383,3.1,-5,US,45300,"Tampa-St. Petersburg-Clearwater, FL",12,FL,057,HILLSBOROUGH,|,12-057-1065
261630100,PM2.5,0100,MILITARY PARK,Active,MI1,"Michigan Department of Environment, Great Lakes, and Energy",R5,42.312078,-83.103469,0,-5,US,19820,"Detroit-Warren-Livonia, MI",26,MI,163,WAYNE,|,26-163-0100
270213410,PM2.5,3410,Leech Lake Nation: Cass Lake,Active,MN1,Minnesota Pollution Control Agency,R5,47.38443,-94.60166,0,-6,US,NA,NA,27,MN,021,CASS,|,27-021-3410
840471252001,PM2.5,2001,Clarksville,Active,TN1,Tennessee Air Pollution Control Div.,R4,36.611411,-87.384666,0,-6,US,17300,"Clarksville, TN-KY",47,TN,125,MONTGOMERY,|,47-125-2001
120310100,PM2.5,0100,Mayo Clinic,Active,FL3,City of Jacksonville - Environmental Quality Division,R4,30.2603,-81.4533,0,-5,US,27260,"Jacksonville, FL",12,FL,031,DUVAL,|,12-031-0100
220730004,PM2.5,0004,Monroe,Active,LA1,Louisiana Department of Environmental Quality,R6,32.509701,-92.046097,0,-6,US,33740,"Monroe, LA",22,LA,073,OUACHITA,|,22-073-0004
250051004,PM2.5,1004,Fall River,Active,MA1,Massachusetts Dept. of Environmental Protection,R1,41.6833,-71.169701,0,-5,US,39300,"Providence-New Bedford-Fall River, RI-MA",25,MA,005,BRISTOL,|,25-005-1004
840191535885,PM2.5,5885,PUBLIC WORKS,Active,IA2,Polk Co. Air Quality Division,R7,41.667032,-93.599221,0,-6,US,NA,NA,19,IA,153,POLK,|,19-153-5885
400JOR010001,PM2.5,0001,Amman,Active,JOR,U.S. Department of State Jordan - Amman,DSJO,31.945021,35.880501,0,2,JO,NA,NA,na,N/A,N/A,N/A,|,na-N/A-0001
060131004,PM2.5,1004,San Pablo - Rumrill,Active,CA2,San Francisco Bay Area AQMD,R9,37.9604,-122.3571,19.8,-8,US,41860,"San Francisco-Oakland-Fremont, CA",06,CA,013,CONTRA COSTA,|,06-013-1004
530670013,PM2.5,0013,Lacey-College St,Active,WA1,Washington Department of Ecology,R10,47.029301,-122.821503,65,-8,US,36500,"Olympia, WA",53,WA,067,THURSTON,|,53-067-0013
221030002,PM2.5,0002,Madisonville,Active,LA1,Louisiana Department of Environmental Quality,R6,30.4293,-90.199700000000007,5.2,-6,US,35380,"New Orleans-Metairie-Kenner, LA",22,LA,103,ST. TAMMANY,|,22-103-0002
390610048,PM2.5,0048,Cincinnati Near Road,Active,OH1,Ohio EPA-DAPC,R5,39.146025,-84.538375,0,-5,US,17140,"Cincinnati-Middletown, OH-KY-IN",39,OH,061,HAMILTON,|,39-061-0048
390490038,PM2.5,0038,Smoky Row Near Road,Active,OH1,Ohio EPA-DAPC,R5,40.11109,-83.065376,0,-5,US,18140,"Columbus, OH",39,OH,049,FRANKLIN,|,39-049-0038
040139812,PM2.5,9812,Durango Complex,Active,AZ2,Maricopa County Air Quality Department,R9,33.4265,-112.1181,316.9,-7,US,38060,"Phoenix-Mesa-Scottsdale, AZ",04,AZ,013,MARICOPA,|,04-013-9812
840410170115,PM2.5,0115,Bend Ponderosa Elementary School,Active,OR1,Oregon Dept. of Environmental Quality,R10,44.093619,-121.272518,1058.7,-8,US,13460,"Bend, OR",41,OR,017,DESCHUTES,|,41-017-0115
80011G004,PM2.5,G004,Estaci¢n Bomberos,Active,IEG,Secretar°a de Medio Ambiente y Ordenamiento Territorial,MX,20.67495,-101.35595000000001,501.7,-6,MX,NA,NA,80,MX,011,GUANAJUATO,|,80-011-G004
511611004,PM2.5,1004,EAST VINTON ELEMENTARY SCHOOL,Active,VA1,Virginia Dept. of Environmental Quality,R3,37.28342,-79.88452,0,-5,US,40220,"Roanoke, VA",51,VA,161,ROANOKE,|,51-161-1004
060959999,PM2.5,9999,Rio Vista,Active,YS1,Yolo-Solano AQMD,R9,38.167297,-121.68856100000001,6.7,-8,US,46700,"Vallejo-Fairfield, CA",06,CA,095,SOLANO,|,06-095-9999
540390020,PM2.5,0020,CHARLESTON,Active,WV2,West Virginia Division of Air Quality - Wheeling,R3,38.346258,-81.621161,0,-5,US,NA,NA,54,WV,039,KANAWHA,|,54-039-0020
060953003,PM2.5,3003,Vacaville,Active,YS1,Yolo-Solano AQMD,R9,38.356556,-121.949853,0,-8,US,46700,"Vallejo-Fairfield, CA",06,CA,095,SOLANO,|,06-095-3003
360850111,PM2.5,0111,Fresh Kills,Active,NY1,New York Dept. of Environmental Conservation,R2,40.5802,-74.1994,0,-5,US,35620,"New York-Northern New Jersey-Long Island, NY-NJ-PA",36,NY,085,RICHMOND,|,36-085-0111
390030009,PM2.5,0009,Lima,Active,OH1,Ohio EPA-DAPC,R5,40.771,-84.0539,275.1,-5,US,30620,"Lima, OH",39,OH,003,ALLEN,|,39-003-0009
840490353015,PM2.5,3015,Utah Tech. Center,Active,UT1,Utah Department of Environmental Quality,R8,40.7771,-111.945,0,-7,US,41620,"Salt Lake City, UT",49,UT,035,SALT LAKE,|,49-035-3015
550250041,PM2.5,0041,MADISON EAST,Active,WI1,Wisconsin Dept. of Natural Resources,R5,43.1008,-89.3572,0,-6,US,31540,"Madison, WI",55,WI,025,DANE,|,55-025-0041
300270006,PM2.5,0006,Lewistown,Active,MT1,Montana DEQ,R8,47.048537,-109.455315,0,-7,US,NA,NA,30,MT,027,FERGUS,|,30-027-0006
271377001,PM2.5,7001,Virginia,Active,MN1,Minnesota Pollution Control Agency,R5,47.5212,-92.5393,0,-6,US,NA,NA,27,MN,137,ST. LOUIS,|,27-137-7001
CC0090806,PM2.5,0806,Syncrude UE1,Active,AB1,Alberta Environmental Monitoring and Reporting Agency (AEMERA),CA,57.149,-111.642,0,-7,CA,NA,NA,00,CC,009,ALBERTA,|,00-009-0806
CC0091801,PM2.5,1801,Fort Chipewyan,Active,AB1,Alberta Environmental Monitoring and Reporting Agency (AEMERA),CA,58.7083,-111.1764,0,-7,CA,NA,NA,00,CC,009,ALBERTA,|,00-009-1801
466ML1010001,PM2.5,0001,Bamako,Active,ML1,U.S. Department of State Mali - Bamako,DSML,12.632524,-8.036911,0,0,ML,NA,NA,na,N/A,N/A,N/A,|,na-N/A-0001
TPCD0003T,PM2.5,003T,Highway NO.3902,Active,TPCD,Thailand Pollution Control Department,NA,13.636514,100.414262,0,7,NA,NA,NA,na,N/A,N/A,N/A,|,na-N/A-003T
TPCD0017T,PM2.5,017T,Residence for Dept. of Mineral Resources,Active,TPCD,Thailand Pollution Control Department,NA,13.652141,100.531805,0,7,NA,NA,NA,na,N/A,N/A,N/A,|,na-N/A-017T
TPCD0010T,PM2.5,010T,National Housing Authority Klongchan,Active,TPCD,Thailand Pollution Control Department,NA,13.779873,100.64609,0,7,NA,NA,NA,na,N/A,N/A,N/A,|,na-N/A-010T
280590006,PM2.5,0006,PASCAGOULA,Active,MS1,Mississippi DEQ,R4,30.378054,-88.533876,4,-6,US,37700,"Pascagoula, MS",28,MS,059,JACKSON,|,28-059-0006
120730012,PM2.5,0012,Tallahassee Community College,Active,FL1,Florida Dept. of Environmental Protection,R4,30.4397,-84.3483,0,-5,US,45220,"Tallahassee, FL",12,FL,073,LEON,|,12-073-0012
840480411086,PM2.5,1086,Bryan Finfeather Road,Active,TX1,Texas Commission on Environmental Quality,R6,30.627409,-96.362842,0,-6,US,17780,"College Station-Bryan, TX",48,TX,041,BRAZOS,|,48-041-1086
060371103,PM2.5,1103,Los Angeles - N. Main Street,Active,CA3,South Coast AQMD,R9,34.066429,-118.226755,30.5,-8,US,31100,"Los Angeles-Long Beach-Santa Ana, CA",06,CA,037,LOS ANGELES,|,06-037-1103
840450790022,PM2.5,0022,Irmo DJJ,Active,SC1,South Carolina DES,R4,34.075687,-81.124988,0,-5,US,NA,NA,45,SC,079,RICHLAND,|,45-079-0022
840CK2010001,PM2.5,0001,Eastern Band of Cherokee: Old Cherokee High,Active,CK2,Eastern Band of Cherokee Indians,R4,35.498711,-83.310242,604.5,-5,US,NA,NA,37,NC,173,SWAIN,|,37-173-0001
110010043,PM2.5,0043,McMillan Reservoir,Active,DC1,District of Columbia - Department of Energy and Environment,R3,38.921848,-77.013176,50.9,-5,US,47900,"Washington-Arlington-Alexandria, DC-VA-MD-WV",11,DC,001,WASHINGTON,|,11-001-0043
080770017,PM2.5,0017,Grand Junction - Powell Building,Active,CO1,Colorado Department of Public Health and Environment,R8,39.063599,-108.561096,1571.1,-7,US,24300,"Grand Junction, CO",08,CO,077,MESA,|,08-077-0017
211110080,PM2.5,0080,Carrithers Middle School,Active,KY2,Louisville Metro Air Pollution Control District ,R4,38.1825,-85.5744,0,-5,US,NA,NA,21,KY,111,JEFFERSON,|,21-111-0080
350550005,PM2.5,0005,Taos Fire Station,Active,NM1,New Mexico Air Quality Bureau,R6,36.3833,-105.5833,2135,-7,US,45340,"Taos, NM",35,NM,055,TAOS,|,35-055-0005
060690002,PM2.5,0002,Hollister AMS,Active,MON,Monterey Bay Unified APCD,R9,36.843425,-121.3621,0,-8,US,41940,"San Jose-Sunnyvale-Santa Clara, CA",06,CA,069,SAN BENITO,|,06-069-0002
DS1010003,PM2.5,0003,Kolkata,Active,DS3,U.S. Department of State India - Kolkata,DSIN,22.56263,88.36304,0,5.5,IN,NA,NA,DS,DS,101,India,|,DS-101-0003
840510590031,PM2.5,0031,Northern VA Near Road,Active,VA1,Virginia Dept. of Environmental Quality,R3,38.7684,-77.18347,0,-5,US,NA,NA,51,VA,059,FAIRFAX,|,51-059-0031
000051201,PM2.5,1201,Shawinigan - Saint-Marc,Active,QC1,Canada-Quebec1,CA,46.5544,-72.7361,112.9,-5,CA,NA,NA,00,CC,005,QUEBEC,|,00-005-1201
420030064,PM2.5,0064,Liberty (SAHS),Active,PA3,Allegheny County,R3,40.323898,-79.868301,335.5,-5,US,38300,"Pittsburgh, PA",42,PA,003,ALLEGHENY,|,42-003-0064
420431100,PM2.5,1100,Hershey,Active,PA1,Pennsylvania Dept. of Environmental Protection,R3,40.2722,-76.6814,0,-5,US,25420,"Harrisburg-Carlisle, PA",42,PA,043,DAUPHIN,|,42-043-1100
481130069,PM2.5,0069,Dallas Hinton St. C401/C161 [E],Active,TX1,Texas Commission on Environmental Quality,R6,32.82,-96.86,0,-6,US,19100,"Dallas-Fort Worth-Arlington, TX",48,TX,113,DALLAS,|,48-113-0069
060710306,PM2.5,0306,Victorville - Park Avenue,Active,CA7,Mojave Desert AQMD,R9,34.510955,-117.32555,278.5,-8,US,40140,"Riverside-San Bernardino-Ontario, CA",06,CA,071,SAN BERNARDINO,|,06-071-0306
818EGY010001,PM2.5,0001,Cairo,Active,EGY,U.S. Department of State Egypt - Cairo,DSEG,30.04147,31.23289,0,2,EG,NA,NA,na,N/A,N/A,N/A,|,na-N/A-0001
686SEN010001,PM2.5,0001,Dakar,Active,SEN,U.S. Department of State Senegal - Dakar,DSSG,14.744791,-17.526484,0,0,SG,NA,NA,na,N/A,N/A,N/A,|,na-N/A-0001
124000106101,PM2.5,6101,Valemount,Active,BC1,British Columbia Ministry of Environment,CA,52.832459,-119.269821,0,-8,CA,NA,NA,na,N/A,N/A,N/A,|,na-N/A-6101
320311007,PM2.5,1007,Spanish Springs,Active,NV2,Northern Nevada Public Health Air Quality Management Division,R9,39.621462,-119.718738,1368.8,-8,US,39900,"Reno-Sparks, NV",32,NV,031,WASHOE,|,32-031-1007
490494001,PM2.5,4001,Lindon,Active,UT1,Utah Department of Environmental Quality,R8,40.3414,-111.7136,1342.6,-7,US,39340,"Provo-Orem, UT",49,UT,049,UTAH,|,49-049-4001
490495010,PM2.5,5010,Spanish Fork,Active,UT1,Utah Department of Environmental Quality,R8,40.136398,-111.660202,1389,-7,US,39340,"Provo-Orem, UT",49,UT,049,UTAH,|,49-049-5010
DRN010000,PM2.5,0000,Dhahran,Active,DRN,U.S. Department of State Saudi Arabia - Dhahran,DSSA,26.276861,50.147232,0,3,SA,NA,NA,na,N/A,N/A,N/A,|,na-N/A-0000
702NEA000003,PM2.5,0003,South,Active,NEA,Singapore National Environment Agency,NA,1.29587,103.82,0,8,NA,NA,NA,na,N/A,N/A,N/A,|,na-N/A-0003
840060612003,PM2.5,2003,Lincoln,Active,PLA,Placer County APCD,R9,38.86794,-121.33835,0,-8,US,40900,"Sacramento--Arden-Arcade--Roseville, CA",06,CA,061,PLACER,|,06-061-2003
630720970007,PM2.5,0007,Mayaguez 59,Active,PR1,Puerto Rico Environmental Quality Board,R2,18.214167,-67.144167,0,-4,US,NA,NA,72,PR,097,MAYAGUEZ,|,72-097-0007
060431001,PM2.5,1001,Yosemite Village - Visitor Center,Active,CA8,California Air Resources Board,R9,37.748707,-119.587094,0,-8,US,NA,NA,06,CA,043,MARIPOSA,|,06-043-1001
000102103,PM2.5,2103,Harmac Cedar Woodbank,Active,BC1,British Columbia Ministry of Environment,CA,49.114165,-123.850165,47,-8,CA,NA,NA,00,CC,010,BRITISH COLUMBIA,|,00-010-2103
560350101,PM2.5,0101,Pinedale Gaseous,Active,WY1,Wyoming Department of Environmental Quality,R8,42.8698,-109.8708,2193,-7,US,NA,NA,56,WY,035,SUBLETTE,|,56-035-0101
311530007,PM2.5,0007,2912 Coffey,Active,NE2,Douglas County Health Department (Omaha),R7,41.133317,-95.956078,342.8,-6,US,36540,"Omaha-Council Bluffs, NE-IA",31,NE,153,SARPY,|,31-153-0007
000104101,PM2.5,4101,Grand Forks City Hall,Active,BC1,British Columbia Ministry of Environment,CA,49.031168,-118.439088,520.3,-8,CA,NA,NA,00,CC,010,BRITISH COLUMBIA,|,00-010-4101
840180372001,PM2.5,2001,Jasper - Post Office,Active,IN4,Indiana Dept. of Environmental Management,R5,38.391799,-86.929668,0,-5,US,NA,NA,18,IN,037,DUBOIS,|,18-037-2001
586PK1010001,PM2.5,0001,Islamabad,Active,PK1,U.S. Department of State Pakistan - Islamabad,DSPK,33.725614,73.11602,0,5,PK,NA,NA,na,N/A,N/A,N/A,|,na-N/A-0001
080677001,PM2.5,7001,Ute 1,Active,UTS,Southern Ute Tribe,R8,37.13678,-107.62863,604.8,-7,US,20420,"Durango, CO",08,CO,067,LA PLATA,|,08-067-7001
TPCD0008T,PM2.5,008T,Prabadang Rehabiltation Center,Active,TPCD,Thailand Pollution Control Department,NA,13.664087,100.543436,0,7,NA,NA,NA,na,N/A,N/A,N/A,|,na-N/A-008T
212270009,PM2.5,0009,Smiths Grove,Active,KY1,Kentucky DEP,R4,37.04926,-86.21487,0,-5,US,NA,NA,21,KY,227,WARREN,|,21-227-0009
361030009,PM2.5,0009,Holtsville,Active,NY1,New York Dept. of Environmental Conservation,R2,40.8278,-73.0575,0,-5,US,35620,"New York-Northern New Jersey-Long Island, NY-NJ-PA",36,NY,103,SUFFOLK,|,36-103-0009
150030010,PM2.5,0010,Kapolei,Active,HI1,Hawaii State Dept. of Health,R9,21.323601,-158.088593,18,-10,US,26180,"Honolulu, HI",15,HI,003,HONOLULU,|,15-003-0010
840261030013,PM2.5,0013,NEGAUNEE TWP,Active,MI1,"Michigan Department of Environment, Great Lakes, and Energy",R5,46.51793,-87.52125,0,-5,US,NA,NA,26,MI,103,MARQUETTE,|,26-103-0013
270370480,PM2.5,0480,Lakeville - Near Road,Active,MN1,Minnesota Pollution Control Agency,R5,44.706123,-93.285803,0,-6,US,NA,NA,27,MN,037,DAKOTA,|,27-037-0480
120330004,PM2.5,0004,Ellyson Industrial Park,Active,FL1,Florida Dept. of Environmental Protection,R4,30.525,-87.204399,0,-6,US,37860,"Pensacola-Ferry Pass-Brent, FL",12,FL,033,ESCAMBIA,|,12-033-0004
190130009,PM2.5,0009,"Waterloo, Water Tower",Active,IA1,Iowa DNR,R7,42.5014,-92.315804,0,-6,US,47940,"Waterloo-Cedar Falls, IA",19,IA,013,BLACK HAWK,|,19-013-0009
250250042,PM2.5,0042,Boston - Roxbury,Active,MA1,Massachusetts Dept. of Environmental Protection,R1,42.329399,-71.082497,0,-5,US,14460,"Boston-Cambridge-Quincy, MA-NH",25,MA,025,SUFFOLK,|,25-025-0042
471192007,PM2.5,2007,Columbia,Active,TN1,Tennessee Air Pollution Control Div.,R4,35.65188,-87.0096,0,-6,US,34980,"Nashville-Davidson--Murfreesboro, TN",47,TN,119,MAURY,|,47-119-2007
510870014,PM2.5,0014,MATH & SCIENCE CTR,Active,VA1,Virginia Dept. of Environmental Quality,R3,37.55652,-77.40027,58.6,-5,US,40060,"Richmond, VA",51,VA,087,HENRICO,|,51-087-0014
120110035,PM2.5,0035,Near Road,Active,FL2,Broward County Natural Resources Division,R4,26.131256,-80.167847,0,-5,US,33100,"Miami-Fort Lauderdale-Miami Beach, FL",12,FL,011,BROWARD,|,12-011-0035
270317810,PM2.5,7810,Grand Portage,Active,MN1,Minnesota Pollution Control Agency,R5,47.9721,-89.6908,0,-6,US,NA,NA,27,MN,031,COOK,|,27-031-7810
170314201,PM2.5,4201,NORTHBRK,Active,IL1,Illinois EPA,R5,42.1406,-87.7994,0,-6,US,16980,"Chicago-Naperville-Joliet, IL-IN-WI",17,IL,031,COOK,|,17-031-4201
170191001,PM2.5,1001,BONDVILLE,Active,IL1,Illinois EPA,R5,40.052241,-88.372549,0,-6,US,NA,NA,17,IL,019,CHAMPAIGN,|,17-019-1001
840250170010,PM2.5,0010,ChelmsfordNR,Active,MA1,Massachusetts Dept. of Environmental Protection,R1,42.612113,-71.307519,0,-5,US,NA,NA,25,MA,017,MIDDLESEX,|,25-017-0010
000080211,PM2.5,0211,Saskatoon,Active,SK1,Saskatchewan Environment,CA,52.136055,-106.662796,0,-6,CA,NA,NA,00,CC,008,SASKATCHEWAN,|,00-008-0211
840060150007,PM2.5,0007,Crescent City,Active,NCA,North Coast Unified Air Quality Management District,R9,41.75613,-124.20347,0,-8,US,NA,NA,06,CA,015,DEL NORTE,|,06-015-0007
530570011,PM2.5,0011,Anacortes-202 Ave (SO-AQS),Active,WA1,Washington Department of Ecology,R10,48.52008,-122.613213,6.7,-8,US,NA,NA,53,WA,057,SKAGIT,|,53-057-0011
370570002,PM2.5,0002,LWATTOWR,Active,NC1,North Carolina DEQ - Division of Air Quality,R4,35.8145,-80.2627,241,-5,US,45640,"Thomasville-Lexington, NC",37,NC,057,DAVIDSON,|,37-057-0002
371310003,PM2.5,0003,Northampton,Active,NC1,North Carolina DEQ - Division of Air Quality,R4,36.511708,-77.655389,54.9,-5,US,NA,NA,37,NC,131,NORTHAMPTON,|,37-131-0003
840530490003,PM2.5,0003,Raymond-4th St,Active,WA1,Washington Department of Ecology,R10,46.68822,-123.73176,16.8,-8,US,NA,NA,53,WA,049,PACIFIC,|,53-049-0003
550430009,PM2.5,0009,Potosi,Active,WI1,Wisconsin Dept. of Natural Resources,R5,42.692131,-90.696373,0,-6,US,NA,NA,55,WI,043,GRANT,|,55-043-0009
421010057,PM2.5,0057,FAB,Active,PA2,Philadelphia Air Management Services,R3,39.9603,-75.1424,0,-5,US,NA,NA,42,PA,101,PHILADELPHIA,|,42-101-0057
483550034,PM2.5,0034,Corpus Christi Dona Park C635,Active,TX1,Texas Commission on Environmental Quality,R6,27.811814,-97.4657,7.6,-6,US,18580,"Corpus Christi, TX",48,TX,355,NUECES,|,48-355-0034
390850007,PM2.5,0007,Painesville,Active,OH1,Ohio EPA-DAPC,R5,41.726811,-81.242156,203.1,-5,US,17460,"Cleveland-Elyria-Mentor, OH",39,OH,085,LAKE,|,39-085-0007
160090010,PM2.5,0010,St. Maries,Active,ID1,Idaho Department of Environmental Quality,R10,47.3167,-116.570297,664.9,-8,US,NA,NA,16,ID,009,BENEWAH,|,16-009-0010
160130004,PM2.5,0004,Ketchum,Active,ID1,Idaho Department of Environmental Quality,R10,43.682556,-114.371094,0,-7,US,NA,NA,16,ID,013,BLAINE,|,16-013-0004
840160270010,PM2.5,0010,Nampa Ridgecrest,Active,ID1,Idaho Department of Environmental Quality,R10,43.59934,-116.52887,2563.5,-7,US,NA,NA,16,ID,027,CANYON,|,16-027-0010
840410171001,PM2.5,1001,Redmond High School,Active,OR1,Oregon Dept. of Environmental Quality,R10,44.275,-121.1905,911.3,-8,US,13460,"Bend, OR",41,OR,017,DESCHUTES,|,41-017-1001
410430009,PM2.5,0009,Albany - Calapooia School,Active,OR1,Oregon Dept. of Environmental Quality,R10,44.61569,-123.091457,72,-8,US,10540,"Albany-Lebanon, OR",41,OR,043,LINN,|,41-043-0009
80039SE01,PM2.5,SE01,La Pastora,Active,SMA,Sistema Integral de Monitoreo Ambiental,MX,25.66833,-100.24833,149.5,-6,MX,NA,NA,80,MX,039,NUEVO LEON,|,80-039-SE01
350011012,PM2.5,1012,Tramway,Active,NM2,Albuquerque Environmental Health Department,R6,35.185,-106.5077,1805.3,-7,US,10740,"Albuquerque, NM",35,NM,001,BERNALILLO,|,35-001-1012
131510002,PM2.5,0002,McDonough,Active,GA1,Georgia Department of Natural Resources,R4,33.4347,-84.1617,0,-5,US,12060,"Atlanta-Sandy Springs-Marietta, GA",13,GA,151,HENRY,|,13-151-0002
482010055,PM2.5,0055,Houston Bayland Park C53/C146/C181,Active,TX1,Texas Commission on Environmental Quality,R6,29.6958,-95.4992,18.3,-6,US,26420,"Houston-Sugar Land-Baytown, TX",48,TX,201,HARRIS,|,48-201-0055
410392013,PM2.5,2013,Oakridge - Willamette Activity Center,Active,OR2,Lane Regional Air Protection Agency,R10,43.74436,-122.480506,352,-8,US,21660,"Eugene-Springfield, OR",41,OR,039,LANE,|,41-039-2013
CC0040203,PM2.5,0203,FOREST HILLS,Active,NB1,Canada-New Brunswick1,CA,45.308778,-66.008333,57,-4,CA,NA,NA,00,CC,004,NEW BRUNSWICK,|,00-004-0203
840060839001,PM2.5,9001,CarpPM,Active,CA9,Santa Barbara County Air Pollution Control District,R9,34.39424,-119.51472,19.8,-8,US,NA,NA,06,CA,083,SANTA BARBARA,|,06-083-9001
840560370007,PM2.5,0007,Rock Springs SLAMS,Active,WY1,Wyoming Department of Environmental Quality,R8,41.592591,-109.220125,1948.3,-7,US,40540,"Rock Springs, WY",56,WY,037,SWEETWATER,|,56-037-0007
840MMCA82037,PM2.5,2037,MMCA82037,Active,CA8,California Air Resources Board,R9,38.56095,-121.507008,0,-8,US,NA,NA,MM,MM,CA8,CA8 - ARB,|,MM-CA8-2037
482011052,PM2.5,1052,Houston North Loop C1052,Active,TX1,Texas Commission on Environmental Quality,R6,29.81453,-95.38769,13.4,-6,US,26420,"Houston-Sugar Land-Baytown, TX",48,TX,201,HARRIS,|,48-201-1052
181270024,PM2.5,0024,Ogden Dunes,Active,IN4,Indiana Dept. of Environmental Management,R5,41.617814,-87.199533,0,-6,US,16980,"Chicago-Naperville-Joliet, IL-IN-WI",18,IN,127,PORTER,|,18-127-0024
CC0090801,PM2.5,0801,Fort McKay,Active,AB1,Alberta Environmental Monitoring and Reporting Agency (AEMERA),CA,57.1889,-111.6406,0,-7,CA,NA,NA,00,CC,009,ALBERTA,|,00-009-0801
490471004,PM2.5,1004,Vernal #4,Active,UT1,Utah Department of Environmental Quality,R8,40.464722,-109.56083,0,-7,US,NA,NA,49,UT,047,UINTAH,|,49-047-1004
060571001,PM2.5,1001,Truckee BAM,Active,NOS,Northern Sierra AQMD,R9,39.3386,-120.170303,0,-8,US,46020,"Truckee-Grass Valley, CA",06,CA,057,NEVADA,|,06-057-1001
560391013,PM2.5,1013,Yellowstone- Old Faithful Snow Lodge,Active,NPS,National Park Service,USEPA,44.373056,-110.830833,0,-7,US,NA,NA,56,WY,039,TETON,|,56-039-1013
171193007,PM2.5,3007,Wood_River,Active,IL1,Illinois EPA,R5,38.8606,-90.1058,0,-6,US,41180,"St. Louis, MO-IL",17,IL,119,MADISON,|,17-119-3007
000080402,PM2.5,0402,PRINCE ALBERT,Active,SK1,Saskatchewan Environment,CA,53.201694,-105.75203,0,-6,CA,NA,NA,00,CC,008,SASKATCHEWAN,|,00-008-0402
010270001,PM2.5,0001,ASHLAND,Active,AL1,Alabama Department of Environmental Management,R4,33.2811,-85.8022,0,-6,US,NA,NA,01,AL,027,CLAY,|,01-027-0001
551330027,PM2.5,0027,WAUKESHA - CLEVELAND AVE,Active,WI1,Wisconsin Dept. of Natural Resources,R5,43.0203,-88.215,0,-6,US,33340,"Milwaukee-Waukesha-West Allis, WI",55,WI,133,WAUKESHA,|,55-133-0027
121056006,PM2.5,6006,Fl. Baptist Children's Home,Active,FL1,Florida Dept. of Environmental Protection,R4,28.0294,-81.9719,0,-5,US,29460,"Lakeland, FL",12,FL,105,POLK,|,12-105-6006
280470008,PM2.5,0008,GPORT YC,Active,MS1,Mississippi DEQ,R4,30.390123,-89.049746,8.8,-6,US,25060,"Gulfport-Biloxi, MS",28,MS,047,HARRISON,|,28-047-0008
530210002,PM2.5,0002,Mesa-Pepoit Way (temp SO),Active,WA1,Washington Department of Ecology,R10,46.5754,-119.0021,223.9,-8,US,28420,"Kennewick-Richland-Pasco, WA",53,WA,021,FRANKLIN,|,53-021-0002
000050803,PM2.5,0803,Trois-Riviäres - êcole MEES,Active,QC1,Canada-Quebec1,CA,46.357175,-72.546187,0,-5,CA,NA,NA,00,CC,005,QUEBEC,|,00-005-0803
124000051801,PM2.5,1801,St-Joseph-de-Sorel - êcole Martel,Active,QC1,Canada-Quebec1,CA,46.045,-73.12972,0,-5,CA,NA,NA,00,CC,005,QUEBEC,|,00-005-1801
000100132,PM2.5,0132,Mahon Park,Active,BC2,Metro Vancouver,CA,49.323891,-123.083611,0,-8,CA,NA,NA,00,CC,010,BRITISH COLUMBIA,|,00-010-0132
124000100143,PM2.5,0143,Agassiz,Active,BC2,Metro Vancouver,CA,49.238008,-121.762264,22.9,-8,CA,NA,NA,na,N/A,N/A,N/A,|,na-N/A-0143
150012021,PM2.5,2021,Waikoloa-21,Active,HI1,Hawaii State Dept. of Health,R9,19.977467,-155.798067,183.9,-10,US,NA,NA,15,HI,001,HAWAII,|,15-001-2021
840MMHI11015,PM2.5,1015,Lahaina BWS,Active,HI1,Hawaii State Dept. of Health,R9,20.88374,-156.66815,0,-10,US,NA,NA,MM,MM,HI1,HI1,|,MM-HI1-1015
060271018,PM2.5,1018,Lone Pine Paiute/Shoshone Tribe-CA,Active,TRX,Quality Review and Exchange System for Tribes (QREST),R8,36.5975,-118.04,1288.9,-8,US,13860,"Bishop, CA",06,CA,027,INYO,|,06-027-1018
NRB000055,PM2.5,0055,All Saints Cathedral Primary School,Active,NRB,Nairobi EPA,NA,-1.310669,36.81055,0,3,NA,NA,NA,na,N/A,N/A,N/A,|,na-N/A-0055
191770006,PM2.5,0006,Lake Sugema,Active,IA1,Iowa DNR,R7,40.693298,-92.006104,0,-6,US,NA,NA,19,IA,177,VAN BUREN,|,19-177-0006
171613002,PM2.5,3002,ROCK_IS,Active,IL1,Illinois EPA,R5,41.5144,-90.5172,0,-6,US,19340,"Davenport-Moline-Rock Island, IA-IL",17,IL,161,ROCK ISLAND,|,17-161-3002
060670015,PM2.5,0015,Bercut Dr,Active,CA1,Sacramento Metro. AQMD,R9,38.593328,-121.503728,0,-8,US,40900,"Sacramento--Arden-Arcade--Roseville, CA",06,CA,067,SACRAMENTO,|,06-067-0015
421010076,PM2.5,0076,MON,Active,PA2,Philadelphia Air Management Services,R3,39.988842,-75.207205,0,-5,US,NA,NA,42,PA,101,PHILADELPHIA,|,42-101-0076
061130004,PM2.5,0004,Davis - UCD Campus,Active,CA8,California Air Resources Board,R9,38.53455,-121.7734,0,-8,US,40900,"Sacramento--Arden-Arcade--Roseville, CA",06,CA,113,YOLO,|,06-113-0004
060070008,PM2.5,0008,Chico -  East,Active,CA8,California Air Resources Board,R9,39.76168,-121.84047,62.8,-8,US,NA,NA,06,CA,007,BUTTE,|,06-007-0008
060192016,PM2.5,2016,Fresno-Foundry Park,Active,CA6,San Joaquin Valley Unified APCD,R9,36.71088,-119.77743,0,-8,US,23420,"Fresno, CA",06,CA,019,FRESNO,|,06-019-2016
320310025,PM2.5,0025,Toll,Active,NV2,Northern Nevada Public Health Air Quality Management Division,R9,39.399841,-119.739606,0,-8,US,39900,"Reno-Sparks, NV",32,NV,031,WASHOE,|,32-031-0025
CC0090222,PM2.5,0222,Calgary Northwest,Active,AB1,Alberta Environmental Monitoring and Reporting Agency (AEMERA),CA,51.0814,-114.1403,0,-7,CA,NA,NA,00,CC,009,ALBERTA,|,00-009-0222
160090011,PM2.5,0011,Plummer CDA Tribe,Active,CDA,Coeur d'Alene Tribe,R8,47.3386,-116.885902,828.4,-8,US,NA,NA,16,ID,009,BENEWAH,|,16-009-0011
270750005,PM2.5,0005,Ely,Active,MN1,Minnesota Pollution Control Agency,R5,47.9464,-91.4953,0,-6,US,NA,NA,27,MN,075,LAKE,|,27-075-0005
010730023,PM2.5,0023,NO. BHAM,Active,AL2,Jefferson County Department of Health,R4,33.5531,-86.815,0,-6,US,13820,"Birmingham-Hoover, AL",01,AL,073,JEFFERSON,|,01-073-0023
120310098,PM2.5,0098,Mandarin,Active,FL3,City of Jacksonville - Environmental Quality Division,R4,30.1358,-81.6339,0,-5,US,27260,"Jacksonville, FL",12,FL,031,DUVAL,|,12-031-0098
124000080111,PM2.5,0111,Regina,Active,SK1,Saskatchewan Environment,CA,50.45273,-104.61602,0,-6,CA,NA,NA,na,N/A,N/A,N/A,|,na-N/A-0111
GZ1010001,PM2.5,0001,Guangzhou,Active,GZ1,U.S. Department of State China - Guangzhou,DSCH,23.116785,113.318088,0,8,CH,NA,NA,na,N/A,N/A,N/A,|,na-N/A-0001
371730002,PM2.5,0002,BRYSON,Active,NC1,North Carolina DEQ - Division of Air Quality,R4,35.434767,-83.442133,560.3,-5,US,NA,NA,37,NC,173,SWAIN,|,37-173-0002
840040191036,PM2.5,1036,Ted Walker Park,Active,AZ3,Pima County Department of Environmental Quality,R9,32.32959,-111.058848,0,-7,US,NA,NA,04,AZ,019,PIMA,|,04-019-1036
481210034,PM2.5,0034,Denton Airport South C56,Active,TX1,Texas Commission on Environmental Quality,R6,33.1944,-97.1933,390.4,-6,US,19100,"Dallas-Fort Worth-Arlington, TX",48,TX,121,DENTON,|,48-121-0034
390350038,PM2.5,0038,St Theodosius,Active,OH1,Ohio EPA-DAPC,R5,41.477011,-81.682383,0,-5,US,17460,"Cleveland-Elyria-Mentor, OH",39,OH,035,CUYAHOGA,|,39-035-0038
020900034,PM2.5,0034,NCore,Active,AK1,State of Alaska DEC,R10,64.8458,-147.72727,132.1,-9,US,21820,"Fairbanks, AK",02,AK,090,FAIRBANKS NORTH STAR,|,02-090-0034
061010003,PM2.5,0003,Yuba City,Active,CA8,California Air Resources Board,R9,39.13868,-121.61884,0,-8,US,49700,"Yuba City, CA",06,CA,101,SUTTER,|,06-101-0003
040230004,PM2.5,0004,Nogales Post Office,Active,AZ1,Arizona Department of Environmental Quality,R9,31.337204,-110.936722,1176.7,-7,US,35700,"Nogales, AZ",04,AZ,023,SANTA CRUZ,|,04-023-0004
840300410002,PM2.5,0002,Havre,Active,MT1,Montana DEQ,R8,48.540373,-109.684432,0,-7,US,NA,NA,30,MT,041,HILL,|,30-041-0002
000105001,PM2.5,5001,Whistler Meadow Park,Active,BC1,British Columbia Ministry of Environment,CA,50.144285000000004,-122.960402,641.4,-8,CA,NA,NA,00,CC,010,BRITISH COLUMBIA,|,00-010-5001
840560131003,PM2.5,1003,Lander SLAMS,Active,WY1,Wyoming Department of Environmental Quality,R8,42.842227,-108.735562,1634.2,-7,US,40180,"Riverton, WY",56,WY,013,FREMONT,|,56-013-1003
458MY1010001,PM2.5,0001,Kuala Lumpur,Active,MY1,U.S. Department of State Malaysia - Kuala Lumpur,DSMY,3.15675,101.72145,0,8,MY,NA,NA,na,N/A,N/A,N/A,|,na-N/A-0001
840490353014,PM2.5,3014,Lake Park,Active,UT1,Utah Department of Environmental Quality,R8,40.709867,-112.008664,0,-7,US,41620,"Salt Lake City, UT",49,UT,035,SALT LAKE,|,49-035-3014
201810003,PM2.5,0003,Goodland,Active,KS1,Kansas Dept. of Health and Environment,R7,39.342801,-101.702996,0,-7,US,NA,NA,20,KS,181,SHERMAN,|,20-181-0003
080310002,PM2.5,0002,Denver - CAMP - 2105 Broadway,Active,CO1,Colorado Department of Public Health and Environment,R8,39.751099,-104.987198,1601.3,-7,US,19740,"Denver-Aurora, CO",08,CO,031,DENVER,|,08-031-0002
080310026,PM2.5,0026,La Casa NCORE - 4545 Navajo St.,Active,CO1,Colorado Department of Public Health and Environment,R8,39.7794,-105.00523,1602.5,-7,US,19740,"Denver-Aurora, CO",08,CO,031,DENVER,|,08-031-0026
800020014,PM2.5,0014,SPABC14 COBACH,Active,MX1,Baja California,MX,32.6336,-115.5042,0,-8,MX,NA,NA,80,MX,002,BAJA CALIFORNIA NORTE,|,80-002-0014
160050020,PM2.5,0020,Shoshone Bannock Tribes,Active,TRX,Quality Review and Exchange System for Tribes (QREST),R8,42.589833,-112.458889,1444.8,-7,US,NA,NA,16,ID,005,BANNOCK,|,16-005-0020
260990009,PM2.5,0009,NEW HAVEN,Active,MI1,"Michigan Department of Environment, Great Lakes, and Energy",R5,42.7314,-82.7936,390.4,-5,US,19820,"Detroit-Warren-Livonia, MI",26,MI,099,MACOMB,|,26-099-0009
261630019,PM2.5,0019,DETROIT - E 7 MILE,Active,MI1,"Michigan Department of Environment, Great Lakes, and Energy",R5,42.430801,-83.000801,0,-5,US,19820,"Detroit-Warren-Livonia, MI",26,MI,163,WAYNE,|,26-163-0019
271095008,PM2.5,5008,Rochester,Active,MN1,Minnesota Pollution Control Agency,R5,43.9947,-92.449700000000007,0,-6,US,40340,"Rochester, MN",27,MN,109,OLMSTED,|,27-109-5008
270072304,PM2.5,2304,Red Lake Nation Hospital,Active,MN1,Minnesota Pollution Control Agency,R5,47.878159,-95.029172,0,-6,US,NA,NA,27,MN,007,BELTRAMI,|,27-007-2304
440090007,PM2.5,0007,Narragansett,Active,RI1,Rhode Island Dept. of Environmental Management,R1,41.4942,-71.4219,0,-5,US,39300,"Providence-New Bedford-Fall River, RI-MA",44,RI,009,WASHINGTON,|,44-009-0007
120310108,PM2.5,0108,Pepsi Place,Active,FL3,City of Jacksonville - Environmental Quality Division,R4,30.262808,-81.606834,0,-5,US,27260,"Jacksonville, FL",12,FL,031,DUVAL,|,12-031-0108
840100031012,PM2.5,1012,Newark,Active,DE1,Delaware Dept. of Natural Resources and Environment,R3,39.691962,-75.761299,0,-5,US,NA,NA,10,DE,003,NEW CASTLE,|,10-003-1012
250092006,PM2.5,2006,LYNN,Active,MA1,Massachusetts Dept. of Environmental Protection,R1,42.474701,-70.971901,0,-5,US,14460,"Boston-Cambridge-Quincy, MA-NH",25,MA,009,ESSEX,|,25-009-2006
JK1010002,PM2.5,0002,Jakarta Central,Active,JK1,U.S. Department of State Indonesia - Jakarta,DSID,-6.182536,106.834235,10.1,7,ID,NA,NA,JK,JK,101,N/A,|,JK-101-0002
130890002,PM2.5,0002,South DeKalb,Active,GA1,Georgia Department of Natural Resources,R4,33.6906,-84.2731,0,-5,US,12060,"Atlanta-Sandy Springs-Marietta, GA",13,GA,089,DE KALB,|,13-089-0002
131150003,PM2.5,0003,Rome,Active,GA1,Georgia Department of Natural Resources,R4,34.26054,-85.32333,0,-5,US,40660,"Rome, GA",13,GA,115,FLOYD,|,13-115-0003
840060195025,PM2.5,5025,Fresno-Pacific,Active,CA6,San Joaquin Valley Unified APCD,R9,36.72622,-119.73249,0,-8,US,23420,"Fresno, CA",06,CA,019,FRESNO,|,06-019-5025
840MMCA82021,PM2.5,2021,MMCA82021,Active,CA8,California Air Resources Board,R9,38.545629,-119.478829,0,-8,US,NA,NA,MM,MM,CA8,CA8 - ARB,|,MM-CA8-2021
181670018,PM2.5,0018,Terre Haute-Lafayette Ave,Active,IN4,Indiana Dept. of Environmental Management,R5,39.485987,-87.401312,0,-5,US,45460,"Terre Haute, IN",18,IN,167,VIGO,|,18-167-0018
840060792020,PM2.5,2020,SLO Roberto,Active,SLO,San Luis Obispo County APCD,R9,35.259473,-120.644493,0,-8,US,42020,"San Luis Obispo-Paso Robles, CA",06,CA,079,SAN LUIS OBISPO,|,06-079-2020
HC1010001,PM2.5,0001,Ho Chi Minh City,Active,HC1,U.S. Department of State Vietnam - Ho Chi Minh,DSVM,10.782773,106.700035,20.1,7,VM,NA,NA,na,N/A,N/A,N/A,|,na-N/A-0001
320030561,PM2.5,0561,Sunrise Acres,Active,NV1,Clark County Department of Environment and Sustainability ,R9,36.163962,-115.11393,564.3,-8,US,29820,"Las Vegas-Paradise, NV",32,NV,003,CLARK,|,32-003-0561
471650007,PM2.5,0007,HVILLE,Active,TN1,Tennessee Air Pollution Control Div.,R4,36.2975,-86.6525,0,-6,US,34980,"Nashville-Davidson--Murfreesboro, TN",47,TN,165,SUMNER,|,47-165-0007
240313001,PM2.5,3001,Rockville,Active,MD1,Maryland Department of the Environment,R3,39.114399,-77.106903,124.4,-5,US,47900,"Washington-Arlington-Alexandria, DC-VA-MD-WV",24,MD,031,MONTGOMERY,|,24-031-3001
202090021,PM2.5,0021,WY/KC,Active,KS1,Kansas Dept. of Health and Environment,R7,39.1175,-94.6356,0,-6,US,28140,"Kansas City, MO-KS",20,KS,209,WYANDOTTE,|,20-209-0021
325100020,PM2.5,0020,CC_Armory,Active,NV3,Nevada Division of Environmental Protection,R9,39.144804,-119.766409,1428.9,-8,US,NA,NA,32,NV,510,CARSON CITY,|,32-510-0020
420850100,PM2.5,0100,Farrell,Active,PA1,Pennsylvania Dept. of Environmental Protection,R3,41.215,-80.485,0,-5,US,49660,"Youngstown-Warren-Boardman, OH-PA",42,PA,085,MERCER,|,42-085-0100
840060932002,PM2.5,2002,Mt Shasta,Active,SIS,Siskiyou County APCD,R9,41.312688,-122.318254,1073,-8,US,NA,NA,06,CA,093,SISKIYOU,|,06-093-2002
160010010,PM2.5,0010,St. Lukes Meridian,Active,ID1,Idaho Department of Environmental Quality,R10,43.600699,-116.347853,826.2,-7,US,14260,"Boise City-Nampa, ID",16,ID,001,ADA,|,16-001-0010
530639999,PM2.5,9999,Airway Heights-West 12th (US),Active,WA1,Washington Department of Ecology,R10,47.645351,-117.589027,729.3,-8,US,NA,NA,53,WA,063,SPOKANE,|,53-063-9999
530310003,PM2.5,0003,Port Townsend-San Juan,Active,WA1,Washington Department of Ecology,R10,48.129101,-122.7789,19.8,-8,US,NA,NA,53,WA,031,JEFFERSON,|,53-031-0003
000050604,PM2.5,0604,Rouyn-Noranda - Parc Tremblay,Active,QC1,Canada-Quebec1,CA,48.2344,-78.9833,292.8,-5,CA,NA,NA,00,CC,005,QUEBEC,|,00-005-0604
TT1010003,PM2.5,0003,Inchelium,Active,CR1,Confederated Tribes of Colville Reservation,R10,48.29696,-118.20242,0,-8,US,NA,NA,na,N/A,N/A,N/A,|,na-N/A-0003
060195001,PM2.5,5001,Clovis - N. Villa Ave,Active,CA6,San Joaquin Valley Unified APCD,R9,36.819199,-119.7164,0,-8,US,23420,"Fresno, CA",06,CA,019,FRESNO,|,06-019-5001
000061402,PM2.5,1402,Brantford,Active,ON1,Ontario Ministry of the Environment,CA,43.138611,-80.292639,0,-5,CA,NA,NA,00,CC,006,ONTARIO,|,00-006-1402
060792007,PM2.5,2007,CDF,Active,SLO,San Luis Obispo County APCD,R9,35.04676,-120.58777,30.5,-8,US,NA,NA,06,CA,079,SAN LUIS OBISPO,|,06-079-2007
840120866002,PM2.5,6002,Wittkop Park,Active,FL1,Florida Dept. of Environmental Protection,R4,25.47825,-80.48375,0,-5,US,NA,NA,12,FL,086,MIAMI - DADE,|,12-086-6002
80039NO01,PM2.5,NO01,San Bernabe,Active,SMA,Sistema Integral de Monitoreo Ambiental,MX,25.75691,-100.36581,169,-6,MX,NA,NA,80,MX,039,NUEVO LEON,|,80-039-NO01
120210004,PM2.5,0004,Laurel Oaks Elementary,Active,FL1,Florida Dept. of Environmental Protection,R4,26.2992,-81.72,0,-5,US,34940,"Naples-Marco Island, FL",12,FL,021,COLLIER,|,12-021-0004
840MMCA82023,PM2.5,2023,MMCA82023,Active,CA8,California Air Resources Board,R9,32.81009,-117.119193,0,-8,US,NA,NA,MM,MM,CA8,CA8 - ARB,|,MM-CA8-2023
060792004,PM2.5,2004,Mesa 2,Active,SLO,San Luis Obispo County APCD,R9,35.02079,-120.56389,0,-8,US,42020,"San Luis Obispo-Paso Robles, CA",06,CA,079,SAN LUIS OBISPO,|,06-079-2004
060392010,PM2.5,2010,Madera-City,Active,CA6,San Joaquin Valley Unified APCD,R9,36.9533,-120.0341,0,-8,US,31460,"Madera, CA",06,CA,039,MADERA,|,06-039-2010
100031007,PM2.5,1007,LUMS 2,Active,DE1,Delaware Dept. of Natural Resources and Environment,R3,39.5513,-75.732,0,-5,US,37980,"Philadelphia-Camden-Wilmington, PA-NJ-DE-MD",10,DE,003,NEW CASTLE,|,10-003-1007
080310028,PM2.5,0028,Globeville,Active,CO1,Colorado Department of Public Health and Environment,R8,39.785622,-104.988469,0,-7,US,NA,NA,08,CO,031,DENVER,|,08-031-0028
250270023,PM2.5,0023,Worcester,Active,MA1,Massachusetts Dept. of Environmental Protection,R1,42.263901,-71.794701,0,-5,US,49340,"Worcester, MA",25,MA,027,WORCESTER,|,25-027-0023
261630015,PM2.5,0015,DETROIT-SW,Active,MI1,"Michigan Department of Environment, Great Lakes, and Energy",R5,42.3042,-83.1072,0,-5,US,19820,"Detroit-Warren-Livonia, MI",26,MI,163,WAYNE,|,26-163-0015
261630098,PM2.5,0098,DP4TH,Active,MI1,"Michigan Department of Environment, Great Lakes, and Energy",R5,42.312158,-83.091943,0,-5,US,19820,"Detroit-Warren-Livonia, MI",26,MI,163,WAYNE,|,26-163-0098
360337003,PM2.5,7003,St Regis Mohawk-NY,Active,TRX,Quality Review and Exchange System for Tribes (QREST),R8,44.980598,-74.695297,59.2,-5,US,31660,"Malone, NY",36,NY,033,FRANKLIN,|,36-033-7003
840410050011,PM2.5,0011,Estacada Clackamas River Elementary School,Active,OR1,Oregon Dept. of Environmental Quality,R10,45.291413,-122.332626,158,-8,US,NA,NA,41,OR,005,CLACKAMAS,|,41-005-0011
120110034,PM2.5,0034,NCORE,Active,FL2,Broward County Natural Resources Division,R4,26.054047,-80.257608,0,-5,US,33100,"Miami-Fort Lauderdale-Miami Beach, FL",12,FL,011,BROWARD,|,12-011-0034
482150043,PM2.5,0043,Mission C43,Active,TX1,Texas Commission on Environmental Quality,R6,26.226226,-98.29107,39.7,-6,US,32580,"McAllen-Edinburg-Mission, TX",48,TX,215,HIDALGO,|,48-215-0043
483550032,PM2.5,0032,Corpus Christi Huisache C98,Active,TX1,Texas Commission on Environmental Quality,R6,27.8042,-97.4314,6.1,-6,US,18580,"Corpus Christi, TX",48,TX,355,NUECES,|,48-355-0032
840132950004,PM2.5,0004,Rossville-Williams St,Active,GA1,Georgia Department of Natural Resources,R4,34.9784,-85.2943,0,-5,US,NA,NA,13,GA,295,WALKER,|,13-295-0004
840518100008,PM2.5,0008,Tidewater Regional Office,Active,VA1,Virginia Dept. of Environmental Quality,R3,36.84188,-76.18123,0,-5,US,NA,NA,51,VA,810,VIRGINIA BEACH,|,51-810-0008
TT9209004,PM2.5,9004,Miami,Active,QT1,Quapaw Nation,R6,36.922222,-94.83889,0,-6,US,33060,"Miami, OK",na,N/A,N/A,N/A,|,na-N/A-9004
060870007,PM2.5,0007,Santa Cruz AMS,Active,MON,Monterey Bay Unified APCD,R9,36.98332,-121.98822,0,-8,US,42100,"Santa Cruz-Watsonville, CA",06,CA,087,SANTA CRUZ,|,06-087-0007
100031008,PM2.5,1008,Rte 9 Del. City,Active,DE1,Delaware Dept. of Natural Resources and Environment,R3,39.57768,-75.6036,0,-5,US,NA,NA,10,DE,003,NEW CASTLE,|,10-003-1008
840060072003,PM2.5,2003,Paradise - Clark Road,Active,CA8,California Air Resources Board,R9,39.757861,-121.607908,0,-8,US,17020,"Chico, CA",06,CA,007,BUTTE,|,06-007-2003
420490003,PM2.5,0003,Erie,Active,PA1,Pennsylvania Dept. of Environmental Protection,R3,42.1428,-80.0372,0,-5,US,21500,"Erie, PA",42,PA,049,ERIE,|,42-049-0003
840250212005,PM2.5,2005,WeymouthFR,Active,MA1,Massachusetts Dept. of Environmental Protection,R1,42.241229,-70.963346,0,-5,US,NA,NA,25,MA,021,NORFOLK,|,25-021-2005
261630097,PM2.5,0097,NMH48217,Active,MI1,"Michigan Department of Environment, Great Lakes, and Energy",R5,42.261669,-83.157893,0,-5,US,19820,"Detroit-Warren-Livonia, MI",26,MI,163,WAYNE,|,26-163-0097
250250044,PM2.5,0044,Boston-Von Hillern,Active,MA1,Massachusetts Dept. of Environmental Protection,R1,42.325197,-71.056056,4,-5,US,NA,NA,25,MA,025,SUFFOLK,|,25-025-0044
081030006,PM2.5,0006,"Rangely, CO",Active,NPS,National Park Service,USEPA,40.086941,-108.761002,1656.2,-7,US,NA,NA,08,CO,103,RIO BLANCO,|,08-103-0006
288GH1010001,PM2.5,0001,Accra,Active,GH1,U.S. Department of State Ghana - Accra,DSGH,5.580642,-0.170724,0,0,GH,NA,NA,na,N/A,N/A,N/A,|,na-N/A-0001
031AZE010001,PM2.5,0001,Baku,Active,AZE,U.S. Department of State Azerbaijan - Baku,DSAJ,40.386992,49.842946,0,4,AJ,NA,NA,na,N/A,N/A,N/A,|,na-N/A-0001
500070007,PM2.5,0007,Underhill,Active,VT1,Vermont Air Quality & Climate Division,R1,44.528389,-72.868973,388,-5,US,15540,"Burlington-South Burlington, VT",50,VT,007,CHITTENDEN,|,50-007-0007
080410017,PM2.5,0017,Colorado College,Active,CO1,Colorado Department of Public Health and Environment,R8,38.848,-104.8286,1571.1,-7,US,17820,"Colorado Springs, CO",08,CO,041,EL PASO,|,08-041-0017
261530001,PM2.5,0001,SENEY,Active,MI1,"Michigan Department of Environment, Great Lakes, and Energy",R5,46.2889,-85.9503,0,-5,US,NA,NA,26,MI,153,SCHOOLCRAFT,|,26-153-0001
191370002,PM2.5,0002,Viking Lake State Park,Active,IA1,Iowa DNR,R7,40.970001,-95.044998,0,-6,US,NA,NA,19,IA,137,MONTGOMERY,|,19-137-0002
220330009,PM2.5,0009,Capitol,Active,LA1,Louisiana Department of Environmental Quality,R6,30.4622,-91.1769,0,-6,US,12940,"Baton Rouge, LA",22,LA,033,EAST BATON ROUGE,|,22-033-0009
170310076,PM2.5,0076,CHI_COM,Active,IL1,Illinois EPA,R5,41.7547,-87.7136,0,-6,US,16980,"Chicago-Naperville-Joliet, IL-IN-WI",17,IL,031,COOK,|,17-031-0076
450190046,PM2.5,0046,Cape Romain,Active,SC1,South Carolina DES,R4,32.941002,-79.656998,6.7,-5,US,16700,"Charleston-North Charleston, SC",45,SC,019,CHARLESTON,|,45-019-0046
510590030,PM2.5,0030,FRANCONIA,Active,VA1,Virginia Dept. of Environmental Quality,R3,38.77335,-77.10468,68,-5,US,47900,"Washington-Arlington-Alexandria, DC-VA-MD-WV",51,VA,059,FAIRFAX,|,51-059-0030
530730005,PM2.5,0005,Custer-Loomis (SO-AQS),Active,WA1,Washington Department of Ecology,R10,48.950699,-122.554398,1.5,-8,US,13380,"Bellingham, WA",53,WA,073,WHATCOM,|,53-073-0005
530331011,PM2.5,1011,Seattle-South Park,Active,WA1,Washington Department of Ecology,R10,47.5297,-122.3203,8.8,-8,US,42660,"Seattle-Tacoma-Bellevue, WA",53,WA,033,KING,|,53-033-1011
550790056,PM2.5,0056,MILWAUKEE COLLEGE AVE.-NR,Active,WI1,Wisconsin Dept. of Natural Resources,R5,42.93257,-87.93434,0,-6,US,33340,"Milwaukee-Waukesha-West Allis, WI",55,WI,079,MILWAUKEE,|,55-079-0056
000050308,PM2.5,0308,QuÇbec - Vieux-Limoilou,Active,QC1,Canada-Quebec1,CA,46.8214,-71.2208,6.1,-5,CA,NA,NA,00,CC,005,QUEBEC,|,00-005-0308
450410003,PM2.5,0003,Williams Middle School,Active,SC1,South Carolina DES,R4,34.2143,-79.7673,43.9,-5,US,22500,"Florence, SC",45,SC,041,FLORENCE,|,45-041-0003
120110033,PM2.5,0033,V_VIEW,Active,FL2,Broward County Natural Resources Division,R4,26.0732,-80.3386,0,-5,US,33100,"Miami-Fort Lauderdale-Miami Beach, FL",12,FL,011,BROWARD,|,12-011-0033
840120992005,PM2.5,2005,Delray Beach,Active,FL1,Florida Dept. of Environmental Protection,R4,26.456944,-80.092778,0,-5,US,NA,NA,12,FL,099,PALM BEACH,|,12-099-2005
120990008,PM2.5,0008,Belle Glade,Active,FL1,Florida Dept. of Environmental Protection,R4,26.724167,-80.663055,0,-5,US,NA,NA,12,FL,099,PALM BEACH,|,12-099-0008
401210415,PM2.5,0415,McAlester,Active,OK1,Oklahoma Department of Environmental Quality,R6,34.906082,-95.794128,233.6,-6,US,32540,"McAlester, OK",40,OK,121,PITTSBURG,|,40-121-0415
210470006,PM2.5,0006,Hopkinsville,Active,KY1,Kentucky DEP,R4,36.911667,-87.323608,0,-5,US,NA,NA,21,KY,047,CHRISTIAN,|,21-047-0006
060850002,PM2.5,0002,Gilroy - 9th Street,Active,CA2,San Francisco Bay Area AQMD,R9,36.999571,-121.574684,62.8,-8,US,41940,"San Jose-Sunnyvale-Santa Clara, CA",06,CA,085,SANTA CLARA,|,06-085-0002
060871005,PM2.5,1005,SLV Middle School AMS,Active,MON,Monterey Bay Unified APCD,R9,37.06315,-122.083092,98.2,-8,US,42100,"Santa Cruz-Watsonville, CA",06,CA,087,SANTA CRUZ,|,06-087-1005
490530007,PM2.5,0007,Hurricane,Active,UT1,Utah Department of Environmental Quality,R8,37.179,-113.3052,0,-7,US,NA,NA,49,UT,053,WASHINGTON,|,49-053-0007
080310027,PM2.5,0027,I25 Denver,Active,CO1,Colorado Department of Public Health and Environment,R8,39.732144,-105.015313,1588.7,-7,US,19740,"Denver-Aurora, CO",08,CO,031,DENVER,|,08-031-0027
410350004,PM2.5,0004,Klamath Falls - Peterson School,Active,OR1,Oregon Dept. of Environmental Quality,R10,42.190296,-121.731369,1244.4,-8,US,28900,"Klamath Falls, OR",41,OR,035,KLAMATH,|,41-035-0004
840172010118,PM2.5,0118,Rockford,Active,IL1,Illinois EPA,R5,42.267002,-89.08917,0,-6,US,40420,"Rockford, IL",17,IL,201,WINNEBAGO,|,17-201-0118
261630099,PM2.5,0099,TRINITY,Active,MI1,"Michigan Department of Environment, Great Lakes, and Energy",R5,42.295824,-83.129431,0,-5,US,19820,"Detroit-Warren-Livonia, MI",26,MI,163,WAYNE,|,26-163-0099
250154002,PM2.5,4002,WARE,Active,MA1,Massachusetts Dept. of Environmental Protection,R1,42.298302,-72.334396,0,-5,US,44140,"Springfield, MA",25,MA,015,HAMPSHIRE,|,25-015-4002
000065201,PM2.5,5201,Parry Sound,Active,ON1,Ontario Ministry of the Environment,CA,45.338261,-80.039269,0,-5,CA,NA,NA,00,CC,006,ONTARIO,|,00-006-5201
410670111,PM2.5,0111,Beaverton - Highland Park School,Active,OR1,Oregon Dept. of Environmental Quality,R10,45.4702,-122.8159,58,-8,US,38900,"Portland-Vancouver-Beaverton, OR-WA",41,OR,067,WASHINGTON,|,41-067-0111
000050504,PM2.5,0504,Saguenay - UQAC,Active,QC1,Canada-Quebec1,CA,48.4153,-71.0528,93.9,-5,CA,NA,NA,00,CC,005,QUEBEC,|,00-005-0504
000100308,PM2.5,0308,Colwood City Hall,Active,BC1,British Columbia Ministry of Environment,CA,48.42389,-123.49278,0,-8,CA,NA,NA,00,CC,010,BRITISH COLUMBIA,|,00-010-0308
000104804,PM2.5,4804,Duncan College Street,Active,BC1,British Columbia Ministry of Environment,CA,48.786114,-123.717307,0,-8,CA,NA,NA,00,CC,010,BRITISH COLUMBIA,|,00-010-4804
000053201,PM2.5,3201,RÇs. Faun. Ashuapmushuan - PÇmonka,Active,QC1,Canada-Quebec1,CA,48.8183,-72.7428,249.5,-5,CA,NA,NA,00,CC,005,QUEBEC,|,00-005-3201
000101005,PM2.5,1005,Abbotsford Airport,Active,BC2,Metro Vancouver,CA,49.021506,-122.326556,64.4,-8,CA,NA,NA,00,CC,010,BRITISH COLUMBIA,|,00-010-1005
124000100103,PM2.5,0103,New Westminster,Active,BC2,Metro Vancouver,CA,49.227045,-122.894487,44.8,-8,CA,NA,NA,na,N/A,N/A,N/A,|,na-N/A-0103
120170006,PM2.5,0006,Crystal River Preserve,Active,FL1,Florida Dept. of Environmental Protection,R4,28.958372,-82.643094,0,-5,US,26140,"Homosassa Springs, FL",12,FL,017,CITRUS,|,12-017-0006
840120013012,PM2.5,3012,Paynes Prairie Farm,Active,FL1,Florida Dept. of Environmental Protection,R4,29.56615,-82.266066,0,-5,US,23540,"Gainesville, FL",12,FL,001,ALACHUA,|,12-001-3012
011250011,PM2.5,0011,Duncanville Middle School,Active,AL1,Alabama Department of Environmental Management,R4,33.095379,-87.481507,0,-6,US,46220,"Tuscaloosa, AL",01,AL,125,TUSCALOOSA,|,01-125-0011
370510009,PM2.5,0009,W OWEN SCH,Active,NC1,North Carolina DEQ - Division of Air Quality,R4,35.041416,-78.953112,61,-5,US,22180,"Fayetteville, NC",37,NC,051,CUMBERLAND,|,37-051-0009
471631007,PM2.5,1007,Kingsport,Active,TN1,Tennessee Air Pollution Control Div.,R4,36.5408,-82.5217,0,-5,US,28700,"Kingsport-Bristol-Bristol, TN-VA",47,TN,163,SULLIVAN,|,47-163-1007
400710604,PM2.5,0604,Ponca City,Active,OK1,Oklahoma Department of Environmental Quality,R6,36.697189,-97.081278,0,-6,US,38620,"Ponca City, OK",40,OK,071,KAY,|,40-071-0604
181050003,PM2.5,0003,Bloomington - Binford,Active,IN4,Indiana Dept. of Environmental Management,R5,39.159372,-86.504747,250.1,-5,US,14020,"Bloomington, IN",18,IN,105,MONROE,|,18-105-0003
390610006,PM2.5,0006,Sycamore,Active,OH1,Ohio EPA-DAPC,R5,39.2787,-84.36612,298.9,-5,US,17140,"Cincinnati-Middletown, OH-KY-IN",39,OH,061,HAMILTON,|,39-061-0006
390350073,PM2.5,0073,Cleveland Near Road,Active,OH1,Ohio EPA-DAPC,R5,41.4409,-81.4949,0,-5,US,17460,"Cleveland-Elyria-Mentor, OH",39,OH,035,CUYAHOGA,|,39-035-0073
390350034,PM2.5,0034,District 6,Active,OH1,Ohio EPA-DAPC,R5,41.55523,-81.575256,0,-5,US,17460,"Cleveland-Elyria-Mentor, OH",39,OH,035,CUYAHOGA,|,39-035-0034
560450003,PM2.5,0003,NewCastle,Active,BLW,Bureau of Land Management - Wyoming,R8,43.881401,-104.191902,1438.4,-7,US,NA,NA,56,WY,045,WESTON,|,56-045-0003
840410170116,PM2.5,0116,Bend Pine Ridge Elementary School,Active,OR1,Oregon Dept. of Environmental Quality,R10,44.024283,-121.330964,1166.6,-8,US,13460,"Bend, OR",41,OR,017,DESCHUTES,|,41-017-0116
840410450001,PM2.5,0001,Ontario May Roberts Elementary School,Active,OR1,Oregon Dept. of Environmental Quality,R10,44.033365,-116.9697,655.1,-8,US,NA,NA,41,OR,045,MALHEUR,|,41-045-0001
840410170123,PM2.5,0123,Bend NE 8th & Emerson,Active,OR1,Oregon Dept. of Environmental Quality,R10,44.054661,-121.294068,1114.5,-8,US,NA,NA,41,OR,017,DESCHUTES,|,41-017-0123
840270135510,PM2.5,5510,Mankato - RosaParksElementary,Active,MN1,Minnesota Pollution Control Agency,R5,44.13619,-93.98103,0,-6,US,NA,NA,27,MN,013,BLUE EARTH,|,27-013-5510
000062501,PM2.5,2501,Tiverton,Active,ON1,Ontario Ministry of the Environment,CA,44.314472,-81.549722,0,-5,CA,NA,NA,00,CC,006,ONTARIO,|,00-006-2501
124000100138,PM2.5,0138,Horseshoe Bay,Active,BC2,Metro Vancouver,CA,49.368,-123.277,0,-8,CA,NA,NA,na,N/A,N/A,N/A,|,na-N/A-0138
000101401,PM2.5,1401,Hope,Active,BC2,Metro Vancouver,CA,49.36972,-121.49944,40,-8,CA,NA,NA,00,CC,010,BRITISH COLUMBIA,|,00-010-1401
160211008,PM2.5,1008,Mt Hall,Active,ID1,Idaho Department of Environmental Quality,R10,48.894014,-116.359419,0,-8,US,NA,NA,16,ID,021,BOUNDARY,|,16-021-1008
121030004,PM2.5,0004,St. Petersburg College,Active,FL1,Florida Dept. of Environmental Protection,R4,27.9711,-82.7361,0,-5,US,45300,"Tampa-St. Petersburg-Clearwater, FL",12,FL,103,PINELLAS,|,12-103-0004
483230004,PM2.5,0004,Eagle Pass C319,Active,TX1,Texas Commission on Environmental Quality,R6,28.704607,-100.451155,253.2,-6,US,20580,"Eagle Pass, TX",48,TX,323,MAVERICK,|,48-323-0004
KC1010001,PM2.5,0001,Kuwait City,Active,KC1,U.S. Department of State Kuwait - Kuwait City,DSKU,29.292317,48.047679,0,3,KU,NA,NA,na,N/A,N/A,N/A,|,na-N/A-0001
480290677,PM2.5,0677,San Antonio Old Hwy90 C677,Active,TX1,Texas Commission on Environmental Quality,R6,29.423933,-98.580505,213.5,-6,US,41700,"San Antonio, TX",48,TX,029,BEXAR,|,48-029-0677
368IRQ010001,PM2.5,0001,Baghdad,Active,IRQ,U.S. Department of State Iraq - Baghdad,DSIZ,33.3128,44.3615,0,3,IZ,NA,NA,na,N/A,N/A,N/A,|,na-N/A-0001
040134005,PM2.5,4005,Tempe,Active,AZ2,Maricopa County Air Quality Department,R9,33.4124,-111.9347,352.3,-7,US,38060,"Phoenix-Mesa-Scottsdale, AZ",04,AZ,013,MARICOPA,|,04-013-4005
350011013,PM2.5,1013,North Valley,Active,NM2,Albuquerque Environmental Health Department,R6,35.187801,-106.603897,1524.1,-7,US,10740,"Albuquerque, NM",35,NM,001,BERNALILLO,|,35-001-1013
210130002,PM2.5,0002,MIDAIR,Active,KY1,Kentucky DEP,R4,36.6081,-83.7369,0,-5,US,33180,"Middlesborough, KY",21,KY,013,BELL,|,21-013-0002
240290002,PM2.5,0002,Millington,Active,MD1,Maryland Department of the Environment,R3,39.305199,-75.797203,22.3,-5,US,NA,NA,24,MD,029,KENT,|,24-029-0002
060074001,PM2.5,4001,Gridley,Active,CA8,California Air Resources Board,R9,39.32756,-121.66881,0,-8,US,17020,"Chico, CA",06,CA,007,BUTTE,|,06-007-4001
840390090003,PM2.5,0003,Gifford,Active,OH1,Ohio EPA-DAPC,R5,39.442165,-81.908827,0,-5,US,NA,NA,39,OH,009,ATHENS,|,39-009-0003
401359021,PM2.5,9021,ROLAND,Active,CK1,Cherokee Nation,R6,35.408138,-94.524414,136.6,-6,US,22900,"Fort Smith, AR-OK",40,OK,135,SEQUOYAH,|,40-135-9021
840390490040,PM2.5,0040,Jackson Pike WWTP,Active,OH1,Ohio EPA-DAPC,R5,39.91251,-83.01159,0,-5,US,NA,NA,39,OH,049,FRANKLIN,|,39-049-0040
420130801,PM2.5,0801,Altoona,Active,PA1,Pennsylvania Dept. of Environmental Protection,R3,40.515,-78.3889,0,-5,US,11020,"Altoona, PA",42,PA,013,BLAIR,|,42-013-0801
80011G017,PM2.5,G017,Estaci¢n Abasolo,Active,IEG,Secretar°a de Medio Ambiente y Ordenamiento Territorial,MX,20.450916,-101.528686,521.9,-6,MX,NA,NA,80,MX,011,GUANAJUATO,|,80-011-G017
560330004,PM2.5,0004,Sheridan,Active,BLW,Bureau of Land Management - Wyoming,R8,44.933998,-106.847198,1136.1,-7,US,NA,NA,56,WY,033,SHERIDAN,|,56-033-0004
480430101,PM2.5,0101,Big Bend  NP,Active,NPS,National Park Service,USEPA,29.3025,-103.178101,1052.3,-6,US,NA,NA,48,TX,043,BREWSTER,|,48-043-0101
090092123,PM2.5,2123,Waterbury,Active,CT1,Connecticut Dept. of Energy and Environmental Protection,R1,41.5503,-73.0442,0,-5,US,35300,"New Haven-Milford, CT",09,CT,009,NEW HAVEN,|,09-009-2123
090030025,PM2.5,0025,Hartford,Active,CT1,Connecticut Dept. of Energy and Environmental Protection,R1,41.771444,-72.679923,57,-5,US,25540,"Hartford-West Hartford-East Hartford, CT",09,CT,003,HARTFORD,|,09-003-0025
201330003,PM2.5,0003,Chanute,Active,KS1,Kansas Dept. of Health and Environment,R7,37.67696,-95.47594,0,-6,US,NA,NA,20,KS,133,NEOSHO,|,20-133-0003
840MMHI11018,PM2.5,1018,Lahaina Health Center,Active,HI1,Hawaii State Dept. of Health,R9,20.90467,-156.68404,0,-10,US,NA,NA,MM,MM,HI1,HI1,|,MM-HI1-1018
080350004,PM2.5,0004,Chatfield Park - 11500 N. Roxborough Park Rd.,Active,CO1,Colorado Department of Public Health and Environment,R8,39.5339,-105.07,1571.1,-7,US,19740,"Denver-Aurora, CO",08,CO,035,DOUGLAS,|,08-035-0004
000060204,PM2.5,0204,Windsor Downtown,Active,ON1,Ontario Ministry of the Environment,CA,42.315778,-83.043667,0,-5,CA,NA,NA,00,CC,006,ONTARIO,|,00-006-0204
840250251004,PM2.5,1004,Chelsea HP,Active,MA1,Massachusetts Dept. of Environmental Protection,R1,42.387222,-71.026111,0,-5,US,NA,NA,25,MA,025,SUFFOLK,|,25-025-1004
840410510034,PM2.5,0034,Portland Lincoln High School,Active,OR1,Oregon Dept. of Environmental Quality,R10,45.5187,-122.6881,37.8,-8,US,38900,"Portland-Vancouver-Beaverton, OR-WA",41,OR,051,MULTNOMAH,|,41-051-0034
000055101,PM2.5,5101,Senneterre,Active,QC1,Canada-Quebec1,CA,48.4325,-77.199700000000007,94.2,-5,CA,NA,NA,00,CC,005,QUEBEC,|,00-005-5101
CC0010301,PM2.5,0301,Cornerbrook,Active,NL1,Newfoundland & Labrador DEC,CA,48.9494,-58.0556,0,-4,CA,NA,NA,00,CC,001,NEWFOUNDLAND,|,00-001-0301
000100140,PM2.5,0140,Tsawwassen,Active,BC2,Metro Vancouver,CA,49.009869,-123.082017,52.2,-8,CA,NA,NA,00,CC,010,BRITISH COLUMBIA,|,00-010-0140
000100127,PM2.5,0127,Surrey East,Active,BC2,Metro Vancouver,CA,49.13278,-122.69417,0,-8,CA,NA,NA,00,CC,010,BRITISH COLUMBIA,|,00-010-0127
124000103602,PM2.5,3602,Mission,Active,BC2,Metro Vancouver,CA,49.14149,-122.311078,73.8,-8,CA,NA,NA,na,N/A,N/A,N/A,|,na-N/A-3602
DS1010001,PM2.5,0001,New Delhi,Active,DS1,U.S. Department of State India - New Delhi,DSIN,28.63576,77.22445,0,5.5,IN,NA,NA,DS,DS,101,India,|,DS-101-0001
121171002,PM2.5,1002,Seminole Community College (AG COMP),Active,FL1,Florida Dept. of Environmental Protection,R4,28.7456,-81.31,0,-5,US,36740,"Orlando-Kissimmee, FL",12,FL,117,SEMINOLE,|,12-117-1002
481671034,PM2.5,1034,Galveston Airport C1034,Active,TX1,Texas Commission on Environmental Quality,R6,29.2631,-94.8564,3.1,-6,US,26420,"Houston-Sugar Land-Baytown, TX",48,TX,167,GALVESTON,|,48-167-1034
060731008,PM2.5,1008,Camp Pendleton,Active,CA4,San Diego APCD,R9,33.217026,-117.396156,16.2,-8,US,41740,"San Diego-Carlsbad-San Marcos, CA",06,CA,073,SAN DIEGO,|,06-073-1008
040131003,PM2.5,1003,Mesa - Brooks Reservoir,Active,AZ2,Maricopa County Air Quality Department,R9,33.4105,-111.8651,383.1,-7,US,38060,"Phoenix-Mesa-Scottsdale, AZ",04,AZ,013,MARICOPA,|,04-013-1003
040213002,PM2.5,3002,Apache Junction,Active,AZ4,Pinal County Air Quality Control District,R9,33.42,-111.5042,0,-7,US,38060,"Phoenix-Mesa-Scottsdale, AZ",04,AZ,021,PINAL,|,04-021-3002
840470990003,PM2.5,0003,Loretto,Active,TN1,Tennessee Air Pollution Control Div.,R4,35.116866,-87.419726,0,-6,US,29980,"Lawrenceburg, TN",47,TN,099,LAWRENCE,|,47-099-0003
350010026,PM2.5,0026,Jefferson,Active,NM2,Albuquerque Environmental Health Department,R6,35.1441,-106.6044,1558.6,-7,US,10740,"Albuquerque, NM",35,NM,001,BERNALILLO,|,35-001-0026
470654002,PM2.5,4002,3A-PM2.5,Active,TN5,Chattanooga-Hamilton County Air Pollution Control Bureau,R4,35.051006,-85.292867,219.3,-5,US,16860,"Chattanooga, TN-GA",47,TN,065,HAMILTON,|,47-065-4002
060271003,PM2.5,1003,Keeler,Active,GBU,Great Basin Unified Air Pollution Control District,R9,36.4878,-117.871,0,-8,US,13860,"Bishop, CA",06,CA,027,INYO,|,06-027-1003
061070009,PM2.5,0009,Sequoia and Kings Canyon - Ash Mountain,Active,NPS,National Park Service,USEPA,36.489399,-118.826897,610.3,-8,US,47300,"Visalia-Porterville, CA",06,CA,107,TULARE,|,06-107-0009
180050008,PM2.5,0008,Columbus - Rocky Ford Rd,Active,IN4,Indiana Dept. of Environmental Management,R5,39.237457,-85.891332,0,-5,US,18020,"Columbus, IN",18,IN,005,BARTHOLOMEW,|,18-005-0008
510690010,PM2.5,0010,LESTER BUILDING SYSTEMS  NEAR REST,Active,VA1,Virginia Dept. of Environmental Quality,R3,39.28102,-78.08157,191.8,-5,US,49020,"Winchester, VA-WV",51,VA,069,FREDERICK,|,51-069-0010
840245105253,PM2.5,5253,Lake Montebello,Active,MD1,Maryland Department of the Environment,R3,39.33746,-76.58905,0,-5,US,NA,NA,24,MD,510,BALTIMORE (CITY),|,24-510-5253
840060452003,PM2.5,2003,Willits Blosser Lane,Active,MEN,Mendocino County AQMD,R9,39.39861,-123.35872,427,-8,US,NA,NA,06,CA,045,MENDOCINO,|,06-045-2003
391650007,PM2.5,0007,Lebanon,Active,OH1,Ohio EPA-DAPC,R5,39.42689,-84.20077,298.9,-5,US,17140,"Cincinnati-Middletown, OH-KY-IN",39,OH,165,WARREN,|,39-165-0007
340010006,PM2.5,0006,Brigantine,Active,NJ1,New Jersey Dept. of Environmental Protection,R2,39.46487,-74.448738,4.9,-5,US,12100,"Atlantic City, NJ",34,NJ,001,ATLANTIC,|,34-001-0006
840390170022,PM2.5,0022,BPG,Active,OH1,Ohio EPA-DAPC,R5,39.478686,-84.397112,0,-5,US,NA,NA,39,OH,017,BUTLER,|,39-017-0022
360710002,PM2.5,0002,Newburgh,Active,NY1,New York Dept. of Environmental Conservation,R2,41.4994,-74.0097,0,-5,US,39100,"Poughkeepsie-Newburgh-Middletown, NY",36,NY,071,ORANGE,|,36-071-0002
171971002,PM2.5,1002,Joliet,Active,IL1,Illinois EPA,R5,41.526885,-88.116474,0,-6,US,16980,"Chicago-Naperville-Joliet, IL-IN-WI",17,IL,197,WILL,|,17-197-1002
160150001,PM2.5,0001,Idaho City,Active,ID1,Idaho Department of Environmental Quality,R10,43.823017,-115.838557,0,-7,US,NA,NA,16,ID,015,BOISE,|,16-015-0001
270031002,PM2.5,1002,Blaine,Active,MN1,Minnesota Pollution Control Agency,R5,45.1425,-93.2139,0,-6,US,33460,"Minneapolis-St. Paul-Bloomington, MN-WI",27,MN,003,ANOKA,|,27-003-1002
CC0050128,PM2.5,0128,AÇroport de MontrÇal 1,Active,QC2,Canada-Quebec2,CA,45.468297,-73.741185,0,-5,CA,NA,NA,na,N/A,N/A,N/A,|,na-N/A-0128
840300350022,PM2.5,0022,Cut Bank,Active,MT1,Montana DEQ,R8,48.607406,-112.363842,0,-7,US,NA,NA,30,MT,035,GLACIER,|,30-035-0022
160211007,PM2.5,1007,Porthill,Active,ID1,Idaho Department of Environmental Quality,R10,48.995911,-116.509953,0,-8,US,NA,NA,16,ID,021,BOUNDARY,|,16-021-1007
000102602,PM2.5,2602,Port Alberni Elementary,Active,BC1,British Columbia Ministry of Environment,CA,49.261014,-124.806628,0,-8,CA,NA,NA,00,CC,010,BRITISH COLUMBIA,|,00-010-2602
120573002,PM2.5,3002,SYDNEY,Active,FL4,Hillsborough County - Tampa ,R4,27.9659,-82.230617,0,-5,US,45300,"Tampa-St. Petersburg-Clearwater, FL",12,FL,057,HILLSBOROUGH,|,12-057-3002
040134003,PM2.5,4003,South Phoenix,Active,AZ2,Maricopa County Air Quality Department,R9,33.4033,-112.0731,307.4,-7,US,38060,"Phoenix-Mesa-Scottsdale, AZ",04,AZ,013,MARICOPA,|,04-013-4003
040130019,PM2.5,0019,West Phoenix,Active,AZ2,Maricopa County Air Quality Department,R9,33.483799,-112.142601,333.1,-7,US,38060,"Phoenix-Mesa-Scottsdale, AZ",04,AZ,013,MARICOPA,|,04-013-0019
840350012022,PM2.5,2022,Mobile Trailer-San Jose,Active,NM2,Albuquerque Environmental Health Department,R6,35.063569,-106.647503,0,-7,US,NA,NA,35,NM,001,BERNALILLO,|,35-001-2022
060192009,PM2.5,2009,Tranquillity,Active,CA6,San Joaquin Valley Unified APCD,R9,36.6324,-120.3822,0,-8,US,NA,NA,06,CA,019,FRESNO,|,06-019-2009
261470005,PM2.5,0005,PORT HURON,Active,MI1,"Michigan Department of Environment, Great Lakes, and Energy",R5,42.9533,-82.4564,390.4,-5,US,19820,"Detroit-Warren-Livonia, MI",26,MI,147,ST. CLAIR,|,26-147-0005
840440070040,PM2.5,0040,Near Road,Active,RI1,Rhode Island Dept. of Environmental Management,R1,41.771987,-71.427881,0,-5,US,39300,"Providence-New Bedford-Fall River, RI-MA",44,RI,007,PROVIDENCE,|,44-007-0040
000081001,PM2.5,1001,SWIFT CURRENT,Active,SK1,Saskatchewan Environment,CA,50.285833,-107.81689,0,-6,CA,NA,NA,00,CC,008,SASKATCHEWAN,|,00-008-1001
TT1010002,PM2.5,0002,Nespelem,Active,CR1,Confederated Tribes of Colville Reservation,R10,48.1671,-118.974748,0,-8,US,NA,NA,na,N/A,N/A,N/A,|,na-N/A-0002
290770036,PM2.5,0036,Hillcrest HS,Active,MO1,Missouri Department of Natural Resources,R7,37.256069,-93.299692,402.9,-6,US,44180,"Springfield, MO",29,MO,077,GREENE,|,29-077-0036
530579999,PM2.5,9999,Anacortes-Bartholomew Rd (US),Active,WA1,Washington Department of Ecology,R10,48.465401,-122.559998,9.8,-8,US,NA,NA,53,WA,057,SKAGIT,|,53-057-9999
340150002,PM2.5,0002,Clarksboro,Active,NJ1,New Jersey Dept. of Environmental Protection,R2,39.800339,-75.21212,11.9,-5,US,37980,"Philadelphia-Camden-Wilmington, PA-NJ-DE-MD",34,NJ,015,GLOUCESTER,|,34-015-0002
000055301,PM2.5,5301,Saint-Jean-sur-Richelieu - L'Acadie,Active,QC1,Canada-Quebec1,CA,45.29417,-73.3489,14.6,-5,CA,NA,NA,00,CC,005,QUEBEC,|,00-005-5301
000053701,PM2.5,3701,Saint-Hilaire-de-Dorset,Active,QC1,Canada-Quebec1,CA,45.8156,-70.8597,514.2,-5,CA,NA,NA,00,CC,005,QUEBEC,|,00-005-3701
840240396431,PM2.5,6431,Princess Anne,Active,MD1,Maryland Department of the Environment,R3,38.176541,-75.701489,0,-5,US,NA,NA,24,MD,039,SOMERSET,|,24-039-6431
840530739992,PM2.5,9992,Maple Falls-Azure Way,Active,WA1,Washington Department of Ecology,R10,48.9477,-122.1471,0,-8,US,NA,NA,53,WA,073,WHATCOM,|,53-073-9992
CC0050109,PM2.5,0109,Duncan,Active,QC2,Canada-Quebec2,CA,45.502648,-73.663913,0,-5,CA,NA,NA,na,N/A,N/A,N/A,|,na-N/A-0109
410591003,PM2.5,1003,Hermiston - Municipal Airport,Active,OR1,Oregon Dept. of Environmental Quality,R10,45.828968,-119.262991,194,-8,US,37820,"Pendleton-Hermiston, OR",41,OR,059,UMATILLA,|,41-059-1003
410610120,PM2.5,0120,Cove - City Hall,Active,OR1,Oregon Dept. of Environmental Quality,R10,45.300884,-117.812896,882.4,-8,US,29260,"La Grande, OR",41,OR,061,UNION,|,41-061-0120
131210055,PM2.5,0055,United Ave,Active,GA1,Georgia Department of Natural Resources,R4,33.7206,-84.3578,0,-5,US,12060,"Atlanta-Sandy Springs-Marietta, GA",13,GA,121,FULTON,|,13-121-0055
130670003,PM2.5,0003,Kennesaw,Active,GA1,Georgia Department of Natural Resources,R4,34.0144,-84.6075,0,-5,US,12060,"Atlanta-Sandy Springs-Marietta, GA",13,GA,067,COBB,|,13-067-0003
80011G001,PM2.5,G001,Estaci¢n Seguridad P£blica,Active,IEG,Secretar°a de Medio Ambiente y Ordenamiento Territorial,MX,20.518317,-100.81591,498.1,-6,MX,NA,NA,80,MX,011,GUANAJUATO,|,80-011-G001
040278011,PM2.5,8011,Yuma Supersite,Active,AZ1,Arizona Department of Environmental Quality,R9,32.690277,-114.614441,59.8,-7,US,49740,"Yuma, AZ",04,AZ,027,YUMA,|,04-027-8011
060611004,PM2.5,1004,Tahoe City,Active,PLA,Placer County APCD,R9,39.166,-120.1488,1917.2,-8,US,NA,NA,06,CA,061,PLACER,|,06-061-1004
482010416,PM2.5,0416,Houston Park Place C416,Active,TX1,Texas Commission on Environmental Quality,R6,29.68639,-95.294724,9.2,-6,US,26420,"Houston-Sugar Land-Baytown, TX",48,TX,201,HARRIS,|,48-201-0416
311090022,PM2.5,0022,LLCHD BAM,Active,NE4,Lincoln-Lancaster County Health Department,R7,40.812558,-96.675733,0,-6,US,30700,"Lincoln, NE",31,NE,109,LANCASTER,|,31-109-0022
124000060521,PM2.5,0521,Hamilton Mountain,Active,ON1,Ontario Ministry of the Environment,CA,43.24132,-79.889328,0,-5,CA,NA,NA,na,N/A,N/A,N/A,|,na-N/A-0521
840310790005,PM2.5,0005,Grand Island DOT,Active,NE1,Nebraska Department of Environment and Energy,R7,40.918333,-98.378889,573.1,-6,US,24260,"Grand Island, NE",31,NE,079,HALL,|,31-079-0005
BG1010001,PM2.5,0001,Bogota,Active,BG1,U.S. Department of State Colombia - Bogota,DSCO,4.637735,-74.094856,0,-5,CO,NA,NA,na,N/A,N/A,N/A,|,na-N/A-0001
840100010003,PM2.5,0003,Dover,Active,DE1,Delaware Dept. of Natural Resources and Environment,R3,39.155,-75.518056,0,-5,US,20100,"Dover, DE",10,DE,001,KENT,|,10-001-0003
840390170015,PM2.5,0015,Ohio Bell,Active,OH1,Ohio EPA-DAPC,R5,39.49072,-84.36374,0,-5,US,NA,NA,39,OH,017,BUTLER,|,39-017-0015
440030002,PM2.5,0002,W Greenwich,Active,RI1,Rhode Island Dept. of Environmental Management,R1,41.615,-71.7197,0,-5,US,39300,"Providence-New Bedford-Fall River, RI-MA",44,RI,003,KENT,|,44-003-0002
840390950026,PM2.5,0026,RAPS,Active,OH1,Ohio EPA-DAPC,R5,41.62057,-83.64226,0,-5,US,NA,NA,39,OH,095,LUCAS,|,39-095-0026
390950024,PM2.5,0024,Erie,Active,OH1,Ohio EPA-DAPC,R5,41.644067,-83.54625,298.9,-5,US,45780,"Toledo, OH",39,OH,095,LUCAS,|,39-095-0024
840560430002,PM2.5,0002,Worland SLAMS,Active,WY1,Wyoming Department of Environmental Quality,R8,44.00492,-107.95696,1239.8,-7,US,NA,NA,56,WY,043,WASHAKIE,|,56-043-0002
410130100,PM2.5,0100,Prineville - Davidson Park,Active,OR1,Oregon Dept. of Environmental Quality,R10,44.299787,-120.844773,873.5,-8,US,39260,"Prineville, OR",41,OR,013,CROOK,|,41-013-0100
840230110016,PM2.5,0016,Augusta LSS,Active,ME1,Maine Dept. of Environmental Protection,R1,44.3123,-69.7867,70.8,-5,US,12300,"Augusta-Waterville, ME",23,ME,011,KENNEBEC,|,23-011-0016
000105301,PM2.5,5301,Langdale Elementary,Active,BC1,British Columbia Ministry of Environment,CA,49.438848,-123.479185,70.2,-8,CA,NA,NA,00,CC,010,BRITISH COLUMBIA,|,00-010-5301
124000100605,PM2.5,0605,Penticton Industrial Place,Active,BC1,British Columbia Ministry of Environment,CA,49.47753,-119.59578,308.1,-8,CA,NA,NA,00,CC,010,BRITISH COLUMBIA,|,00-010-0605
124000101904,PM2.5,1904,Cranbrook Muriel Baxter,Active,BC1,British Columbia Ministry of Environment,CA,49.507103,-115.753682,0,-8,CA,NA,NA,na,N/A,N/A,N/A,|,na-N/A-1904
000070203,PM2.5,0203,Brandon,Active,CN3,Ministry of Environment and Climate Change Strategy,CA,49.8422,-99.9189,0,-6,CA,NA,NA,00,CC,007,MANITOBA,|,00-007-0203
CC0090402,PM2.5,0402,Medicine Hat - Crescent Hts,Active,AB1,Alberta Environmental Monitoring and Reporting Agency (AEMERA),CA,50.0492,-110.6814,0,-7,CA,NA,NA,00,CC,009,ALBERTA,|,00-009-0402
DK1010001,PM2.5,0001,Dhaka,Active,DK1,U.S. Department of State Bangladesh - Dhaka,DSBG,23.796374,90.424614,0,6,BG,NA,NA,na,N/A,N/A,N/A,|,na-N/A-0001
371830021,PM2.5,0021,Triple Oak - Near Road,Active,NC1,North Carolina DEQ - Division of Air Quality,R4,35.8652,-78.8197,97,-5,US,39580,"Raleigh-Cary, NC",37,NC,183,WAKE,|,37-183-0021
421174000,PM2.5,4000,Tioga County,Active,PA1,Pennsylvania Dept. of Environmental Protection,R3,41.6447,-76.9392,650.6,-5,US,NA,NA,42,PA,117,TIOGA,|,42-117-4000
410399004,PM2.5,9004,Cottage Grove City Shops,Active,OR2,Lane Regional Air Protection Agency,R10,43.7995,-123.0535,198.3,-8,US,21660,"Eugene-Springfield, OR",41,OR,039,LANE,|,41-039-9004
840410170117,PM2.5,0117,Sunriver Three Rivers School,Active,OR1,Oregon Dept. of Environmental Quality,R10,43.868956,-121.434248,1284.7,-8,US,NA,NA,41,OR,017,DESCHUTES,|,41-017-0117
410390060,PM2.5,0060,Eugene - Amazon Park,Active,OR2,Lane Regional Air Protection Agency,R10,44.0263,-123.08377,137.3,-8,US,21660,"Eugene-Springfield, OR",41,OR,039,LANE,|,41-039-0060
840410390101,PM2.5,0101,Eugene - Wilkes Dr.,Active,OR2,Lane Regional Air Protection Agency,R10,44.1158,-123.12107,120.5,-8,US,21660,"Eugene-Springfield, OR",41,OR,039,LANE,|,41-039-0101
000065401,PM2.5,5401,Belleville,Active,ON1,Ontario Ministry of the Environment,CA,44.150528,-77.3955,0,-5,CA,NA,NA,00,CC,006,ONTARIO,|,00-006-5401
410170004,PM2.5,0004,Sisters Forest Service,Active,OR1,Oregon Dept. of Environmental Quality,R10,44.2921,-121.5555,973.6,-8,US,NA,NA,41,OR,017,DESCHUTES,|,41-017-0004
000100401,PM2.5,0401,Kamloops Federal Building,Active,BC1,British Columbia Ministry of Environment,CA,50.67477,-120.334016,0,-8,CA,NA,NA,00,CC,010,BRITISH COLUMBIA,|,00-010-0401
060832004,PM2.5,2004,Lompoc H Street,Active,CA9,Santa Barbara County Air Pollution Control District,R9,34.637798,-120.456703,0,-8,US,42060,"Santa Barbara-Santa Maria, CA",06,CA,083,SANTA BARBARA,|,06-083-2004
370670030,PM2.5,0030,Clemmons Middle,Active,NC3,Forsyth County Office of Environmental Assistance and Protection,R4,36.025981,-80.34225,248.9,-5,US,49180,"Winston-Salem, NC",37,NC,067,FORSYTH,|,37-067-0030
171670012,PM2.5,0012,Springfield Ag,Active,IL1,Illinois EPA,R5,39.831921,-89.644164,0,-6,US,44100,"Springfield, IL",17,IL,167,SANGAMON,|,17-167-0012
421010055,PM2.5,0055,RIT,Active,PA2,Philadelphia Air Management Services,R3,39.922516,-75.186783,0,-5,US,NA,NA,42,PA,101,PHILADELPHIA,|,42-101-0055
420010001,PM2.5,0001,Arendtsville,Active,PA1,Pennsylvania Dept. of Environmental Protection,R3,39.9233,-77.3081,269,-5,US,23900,"Gettysburg, PA",42,PA,001,ADAMS,|,42-001-0001
390230005,PM2.5,0005,Springfield Fire St1,Active,OH1,Ohio EPA-DAPC,R5,39.92882,-83.80949,0,-5,US,44220,"Springfield, OH",39,OH,023,CLARK,|,39-023-0005
060631006,PM2.5,1006,Quincy,Active,NOS,Northern Sierra AQMD,R9,39.9395,-120.9443,0,-8,US,NA,NA,06,CA,063,PLUMAS,|,06-063-1006
421010048,PM2.5,0048,NEW,Active,PA2,Philadelphia Air Management Services,R3,39.991389,-75.080833,0,-5,US,NA,NA,42,PA,101,PHILADELPHIA,|,42-101-0048
390490029,PM2.5,0029,New Albany,Active,OH1,Ohio EPA-DAPC,R5,40.0845,-82.81552,0,-5,US,18140,"Columbus, OH",39,OH,049,FRANKLIN,|,39-049-0029
840440070026,PM2.5,0026,Vernon Street,Active,RI1,Rhode Island Dept. of Environmental Management,R1,41.874683,-71.379936,25,-5,US,39300,"Providence-New Bedford-Fall River, RI-MA",44,RI,007,PROVIDENCE,|,44-007-0026
840560150006,PM2.5,0006,Yoder,Active,WY1,Wyoming Department of Environmental Quality,R8,41.918225,-104.295324,1299,-7,US,NA,NA,56,WY,015,GOSHEN,|,56-015-0006
191130040,PM2.5,0040,PUBLIC HEALTH,Active,IA3,Linn Co. Public Health ,R7,41.9767,-91.6878,0,-6,US,16300,"Cedar Rapids, IA",19,IA,113,LINN,|,19-113-0040
840410410004,PM2.5,0004,Toledo NE Hwy20 & NW A St,Active,OR1,Oregon Dept. of Environmental Quality,R10,44.624399,-123.940064,4,-8,US,NA,NA,41,OR,041,LINCOLN,|,41-041-0004
410470004,PM2.5,0004,Turner - CJHS,Active,OR1,Oregon Dept. of Environmental Quality,R10,44.81029,-122.915085,101.9,-8,US,41420,"Salem, OR",41,OR,047,MARION,|,41-047-0004
410470041,PM2.5,0041,Salem - State Hospital,Active,OR1,Oregon Dept. of Environmental Quality,R10,44.943114,-123.005934,54.9,-8,US,41420,"Salem, OR",41,OR,047,MARION,|,41-047-0041
000102701,PM2.5,2701,Williams Lake Columneetza School,Active,BC1,British Columbia Ministry of Environment,CA,52.14428,-122.150391,660.3,-8,CA,NA,NA,00,CC,010,BRITISH COLUMBIA,|,00-010-2701
124000101706,PM2.5,1706,Quesnel Johnston Avenue,Active,BC1,British Columbia Ministry of Environment,CA,52.96936,-122.4934,505.1,-8,CA,NA,NA,na,N/A,N/A,N/A,|,na-N/A-1706
CC0090121,PM2.5,0121,Edmonton East,Active,AB1,Alberta Environmental Monitoring and Reporting Agency (AEMERA),CA,53.5472,-113.3681,0,-7,CA,NA,NA,00,CC,009,ALBERTA,|,00-009-0121
840410390100,PM2.5,0100,Florence-Department of Forestry,Active,OR2,Lane Regional Air Protection Agency,R10,43.989643,-124.109312,18.3,-8,US,21660,"Eugene-Springfield, OR",41,OR,039,LANE,|,41-039-0100
000061104,PM2.5,1104,Peterborough,Active,ON1,Ontario Ministry of the Environment,CA,44.301848,-78.346384,0,-5,CA,NA,NA,00,CC,006,ONTARIO,|,00-006-1104
230090103,PM2.5,0103,Acadia NP - McFarland,Active,ME1,Maine Dept. of Environmental Protection,R1,44.377048,-68.260902,148.2,-5,US,NA,NA,23,ME,009,HANCOCK,|,23-009-0103
000103502,PM2.5,3502,Castlegar Zinio Park,Active,BC1,British Columbia Ministry of Environment,CA,49.317698,-117.661527,0,-8,CA,NA,NA,00,CC,010,BRITISH COLUMBIA,|,00-010-3502
DB1010001,PM2.5,0001,Dubai,Active,DB1,U.S. Department of State UAE - Dubai,DSAE,25.258481,55.309165,0,4,AE,NA,NA,na,N/A,N/A,N/A,|,na-N/A-0001
840060731026,PM2.5,1026,San Diego - Sherman Elementary School,Active,CA4,San Diego APCD,R9,32.710177,-117.142665,33.9,-8,US,41740,"San Diego-Carlsbad-San Marcos, CA",06,CA,073,SAN DIEGO,|,06-073-1026
130210012,PM2.5,0012,Macon Forestry,Active,GA1,Georgia Department of Natural Resources,R4,32.8031,-83.5447,0,-5,US,31420,"Macon, GA",13,GA,021,BIBB,|,13-021-0012
061111004,PM2.5,1004,Ojai - Ojai Ave.,Active,CA5,Ventura County APCD,R9,34.44806,-119.2313,233.3,-8,US,37100,"Oxnard-Thousand Oaks-Ventura, CA",06,CA,111,VENTURA,|,06-111-1004
180570007,PM2.5,0007,Fishers,Active,IN4,Indiana Dept. of Environmental Management,R5,39.960884,-85.939546000000007,244,-5,US,26900,"Indianapolis, IN",18,IN,057,HAMILTON,|,18-057-0007
421010075,PM2.5,0075,TOR,Active,PA2,Philadelphia Air Management Services,R3,40.054171,-74.985166,0,-5,US,NA,NA,42,PA,101,PHILADELPHIA,|,42-101-0075
170316005,PM2.5,6005,Cicero Liberty,Active,IL1,Illinois EPA,R5,41.864329,-87.748826,185.7,-6,US,16980,"Chicago-Naperville-Joliet, IL-IN-WI",17,IL,031,COOK,|,17-031-6005
090110124,PM2.5,0124,Groton,Active,CT1,Connecticut Dept. of Energy and Environmental Protection,R1,41.3536,-72.0789,0,-5,US,35980,"Norwich-New London, CT",09,CT,011,NEW LONDON,|,09-011-0124
180390008,PM2.5,0008,Elkhart-Prairie St.,Active,IN4,Indiana Dept. of Environmental Management,R5,41.657155,-85.968446,233,-5,US,21140,"Elkhart-Goshen, IN",18,IN,039,ELKHART,|,18-039-0008
170310001,PM2.5,0001,ALSIP,Active,IL1,Illinois EPA,R5,41.6708,-87.7325,0,-6,US,16980,"Chicago-Naperville-Joliet, IL-IN-WI",17,IL,031,COOK,|,17-031-0001
BIH010001,PM2.5,0001,Sarajevo,Active,BIH,U.S. Department of State Bosnia Herzegovina - Sarajevo,DSBK,43.856665,18.398205,0,1,BK,NA,NA,na,N/A,N/A,N/A,|,na-N/A-0001
230010011,PM2.5,0011,Lewiston,Active,ME1,Maine Dept. of Environmental Protection,R1,44.089355,-70.214134,0,-5,US,30340,"Lewiston-Auburn, ME",23,ME,001,ANDROSCOGGIN,|,23-001-0011
160150002,PM2.5,0002,Garden Valley,Active,ID1,Idaho Department of Environmental Quality,R10,44.104498,-115.972386,0,-7,US,NA,NA,16,ID,015,BOISE,|,16-015-0002
000060304,PM2.5,0304,Kingston,Active,ON1,Ontario Ministry of the Environment,CA,44.219953,-76.521143,0,-5,CA,NA,NA,00,CC,006,ONTARIO,|,00-006-0304
000100111,PM2.5,0111,Rocky Point Park,Active,BC2,Metro Vancouver,CA,49.28083,-122.84917,4.9,-8,CA,NA,NA,00,CC,010,BRITISH COLUMBIA,|,00-010-0111
000102303,PM2.5,2303,Powell River James T,Active,BC1,British Columbia Ministry of Environment,CA,49.889299,-124.5624,140,-8,CA,NA,NA,00,CC,010,BRITISH COLUMBIA,|,00-010-2303
AD1010001,PM2.5,0001,Abu Dhabi,Active,AD1,U.S. Department of State UAE - Abu Dhabi,DSAE,24.42431,54.433874,0,4,AE,NA,NA,na,N/A,N/A,N/A,|,na-N/A-0001
371830014,PM2.5,0014,Millbrook NCore,Active,NC1,North Carolina DEQ - Division of Air Quality,R4,35.856111,-78.574167,30.5,-5,US,39580,"Raleigh-Cary, NC",37,NC,183,WAKE,|,37-183-0014
320030298,PM2.5,0298,GreenValley,Active,NV1,Clark County Department of Environment and Sustainability ,R9,36.048705,-115.052942,562.4,-8,US,29820,"Las Vegas-Paradise, NV",32,NV,003,CLARK,|,32-003-0298
420290100,PM2.5,0100,New Garden,Active,PA1,Pennsylvania Dept. of Environmental Protection,R3,39.8344,-75.7678,0,-5,US,37980,"Philadelphia-Camden-Wilmington, PA-NJ-DE-MD",42,PA,029,CHESTER,|,42-029-0100
420910013,PM2.5,0013,Norristown,Active,PA1,Pennsylvania Dept. of Environmental Protection,R3,40.1122,-75.3092,0,-5,US,37980,"Philadelphia-Camden-Wilmington, PA-NJ-DE-MD",42,PA,091,MONTGOMERY,|,42-091-0013
840170190006,PM2.5,0006,Champaign,Active,IL1,Illinois EPA,R5,40.12306,-88.24017,0,-6,US,16580,"Champaign-Urbana, IL",17,IL,019,CHAMPAIGN,|,17-019-0006
390951003,PM2.5,1003,Eastside Pump St,Active,OH1,Ohio EPA-DAPC,R5,41.7194,-83.475,0,-5,US,45780,"Toledo, OH",39,OH,095,LUCAS,|,39-095-1003
490571003,PM2.5,1003,Harrisville,Active,UT1,Utah Department of Environmental Quality,R8,41.302799,-111.988297,1339.6,-7,US,36260,"Ogden-Clearfield, UT",49,UT,057,WEBER,|,49-057-1003
646KYI010001,PM2.5,0001,Kigali,Active,RWA,U.S. Department of State Rwanda - Kigali,DSRW,-1.936231,30.077952,0,2,RW,NA,NA,na,N/A,N/A,N/A,|,na-N/A-0001
CC0090701,PM2.5,0701,Athabasca Valley,Active,AB1,Alberta Environmental Monitoring and Reporting Agency (AEMERA),CA,56.7328,-111.39,0,-7,CA,NA,NA,00,CC,009,ALBERTA,|,00-009-0701
CC0092001,PM2.5,2001,Grande Prairie - Henry Pirker,Active,AB1,Alberta Environmental Monitoring and Reporting Agency (AEMERA),CA,55.1767,-118.8064,0,-7,CA,NA,NA,00,CC,009,ALBERTA,|,00-009-2001
124CC0090608,PM2.5,0608,Redwater,Active,AB1,Alberta Environmental Monitoring and Reporting Agency (AEMERA),CA,53.951834,-113.105857,0,-7,CA,NA,NA,na,N/A,N/A,N/A,|,na-N/A-0608
060531003,PM2.5,1003,Salinas AMS,Active,MON,Monterey Bay Unified APCD,R9,36.694261,-121.623271,10.1,-8,US,41500,"Salinas, CA",06,CA,053,MONTEREY,|,06-053-1003
530750003,PM2.5,0003,Pullman-Dexter Ave,Active,WA1,Washington Department of Ecology,R10,46.7245,-117.1801,771.3,-8,US,39420,"Pullman, WA",53,WA,075,WHITMAN,|,53-075-0003
530090015,PM2.5,0015,Neah Bay 2-Makah Tribe,Active,WA1,Washington Department of Ecology,R10,48.366058,-124.610046,0.3,-8,US,38820,"Port Angeles, WA",53,WA,009,CLALLAM,|,53-009-0015
840120470017,PM2.5,0017,White Springs Plant,Active,FL1,Florida Dept. of Environmental Protection,R4,30.426029,-82.795356,0,-5,US,NA,NA,12,FL,047,HAMILTON,|,12-047-0017
840060718001,PM2.5,8001,Big Bear,Active,CA3,South Coast AQMD,R9,34.264706,-116.861653,2060.3,-8,US,40140,"Riverside-San Bernardino-Ontario, CA",06,CA,071,SAN BERNARDINO,|,06-071-8001
840410030014,PM2.5,0014,Corvallis EPA Office,Active,OR1,Oregon Dept. of Environmental Quality,R10,44.565803,-123.292706,73.8,-8,US,NA,NA,41,OR,003,BENTON,|,41-003-0014
410090004,PM2.5,0004,Portland - Sauvie Island,Active,OR1,Oregon Dept. of Environmental Quality,R10,45.768531,-122.7721,0,-8,US,38900,"Portland-Vancouver-Beaverton, OR-WA",41,OR,009,COLUMBIA,|,41-009-0004
410510080,PM2.5,0080,Portland - SE Lafayette,Active,OR1,Oregon Dept. of Environmental Quality,R10,45.496641,-122.602877,75,-8,US,38900,"Portland-Vancouver-Beaverton, OR-WA",41,OR,051,MULTNOMAH,|,41-051-0080
160690012,PM2.5,0012,Lewiston,Active,ID1,Idaho Department of Environmental Quality,R10,46.408501,-116.991402,0,-8,US,30300,"Lewiston, ID-WA",16,ID,069,NEZ PERCE,|,16-069-0012
000101301,PM2.5,1301,Langley,Active,BC2,Metro Vancouver,CA,49.09556,-122.56694,82,-8,CA,NA,NA,00,CC,010,BRITISH COLUMBIA,|,00-010-1301
060670010,PM2.5,0010,Downtown Sacramento - T Street,Active,CA8,California Air Resources Board,R9,38.56844,-121.49311,0,-8,US,40900,"Sacramento--Arden-Arcade--Roseville, CA",06,CA,067,SACRAMENTO,|,06-067-0010
840132150012,PM2.5,0012,Columbus Baker Street,Active,GA1,Georgia Department of Natural Resources,R4,32.4274,-84.9457,0,-5,US,NA,NA,13,GA,215,MUSCOGEE,|,13-215-0012
CC0040901,PM2.5,0901,ST ANDREWS,Active,NB1,Canada-New Brunswick1,CA,45.086944,-67.073889,0,-4,CA,NA,NA,00,CC,004,NEW BRUNSWICK,|,00-004-0901
483091037,PM2.5,1037,Waco C1037,Active,TX1,Texas Commission on Environmental Quality,R6,31.6531,-97.0706,140.3,-6,US,47380,"Waco, TX",48,TX,309,MC LENNAN,|,48-309-1037
840060472024,PM2.5,2024,Merced-Vierra,Active,CA6,San Joaquin Valley Unified APCD,R9,37.28973,-120.42972,0,-8,US,32900,"Merced, CA",06,CA,047,MERCED,|,06-047-2024
840560391006,PM2.5,1006,Jackson SLAMS,Active,WY1,Wyoming Department of Environmental Quality,R8,43.457764,-110.797994,1902.3,-7,US,27220,"Jackson, WY-ID",56,WY,039,TETON,|,56-039-1006
800090101,PM2.5,0101,Pedregal,Active,MXC,Red de Monitoreo de la Calidad del Aire de la Ciudad de Mexico,MX,19.3251,-99.2041,2327.5,-6,MX,NA,NA,80,MX,009,DISTRITO FEDERAL,|,80-009-0101
460650003,PM2.5,0003,Pierre,Active,SD1,South Dakota Department of Agriculture and Natural Resources,R8,44.373786,-100.287269,0,-6,US,NA,NA,46,SD,065,HUGHES,|,46-065-0003
370650099,PM2.5,0099,LEGGETT,Active,NC1,North Carolina DEQ - Division of Air Quality,R4,35.988278,-77.5843,18,-5,US,40580,"Rocky Mount, NC",37,NC,065,EDGECOMBE,|,37-065-0099
420590002,PM2.5,0002,Holbrook,Active,PA1,Pennsylvania Dept. of Environmental Protection,R3,39.82,-80.2897,0,-5,US,NA,NA,42,PA,059,GREENE,|,42-059-0002
840420510524,PM2.5,0524,Uniontown,Active,PA1,Pennsylvania Dept. of Environmental Protection,R3,39.917663,-79.805499,0,-5,US,38300,"Pittsburgh, PA",42,PA,051,FAYETTE,|,42-051-0524
421330008,PM2.5,0008,York,Active,PA1,Pennsylvania Dept. of Environmental Protection,R3,39.9653,-76.6994,0,-5,US,49620,"York-Hanover, PA",42,PA,133,YORK,|,42-133-0008
180650003,PM2.5,0003,Mechanicsburg,Active,IN4,Indiana Dept. of Environmental Management,R5,40.009544,-85.52347,305.9,-5,US,35220,"New Castle, IN",18,IN,065,HENRY,|,18-065-0003
840180910011,PM2.5,0011,Michigan City - Marsh Elementary,Active,IN4,Indiana Dept. of Environmental Management,R5,41.70694,-86.89111,0,-6,US,NA,NA,18,IN,091,LA PORTE,|,18-091-0011
SY1010001,PM2.5,0001,Shenyang,Active,SY1,U.S. Department of State China - Shenyang,DSCH,41.78351,123.424434,0,8,CH,NA,NA,na,N/A,N/A,N/A,|,na-N/A-0001
170310057,PM2.5,0057,CHI_SP,Active,IL1,Illinois EPA,R5,41.9136,-87.7239,0,-6,US,16980,"Chicago-Naperville-Joliet, IL-IN-WI",17,IL,031,COOK,|,17-031-0057
410310007,PM2.5,0007,Madras - Westside School,Active,OR1,Oregon Dept. of Environmental Quality,R10,44.6306,-121.131599,688.4,-8,US,NA,NA,41,OR,031,JEFFERSON,|,41-031-0007
300310017,PM2.5,0017,West Yellowstone Park Ent #2,Active,MT1,Montana DEQ,R8,44.657014,-111.089618,0,-7,US,NA,NA,30,MT,031,GALLATIN,|,30-031-0017
460290002,PM2.5,0002,Watertown,Active,SD1,South Dakota Department of Agriculture and Natural Resources,R8,44.89965,-97.128802,0,-6,US,NA,NA,46,SD,029,CODINGTON,|,46-029-0002
CC0090227,PM2.5,0227,Calgary Central,Active,AB1,Alberta Environmental Monitoring and Reporting Agency (AEMERA),CA,51.0467,-114.0728,0,-7,CA,NA,NA,00,CC,009,ALBERTA,|,00-009-0227
CC0011002,PM2.5,1002,FIREHALL-LABRADORCITY2,Active,NL1,Newfoundland & Labrador DEC,CA,52.94548,-66.910245,0,-4,CA,NA,NA,00,CC,001,NEWFOUNDLAND,|,00-001-1002
CC0090120,PM2.5,0120,Edmonton South,Active,AB1,Alberta Environmental Monitoring and Reporting Agency (AEMERA),CA,53.5028,-113.6111,0,-7,CA,NA,NA,00,CC,009,ALBERTA,|,00-009-0120
CC0090130,PM2.5,0130,Edmonton Central,Active,AB1,Alberta Environmental Monitoring and Reporting Agency (AEMERA),CA,53.5453,-113.4992,0,-7,CA,NA,NA,00,CC,009,ALBERTA,|,00-009-0130
124CC0090140,PM2.5,0140,Edmonton Central East,Active,AB1,Alberta Environmental Monitoring and Reporting Agency (AEMERA),CA,53.549509,-113.48593,0,-7,CA,NA,NA,na,N/A,N/A,N/A,|,na-N/A-0140
80011G003,PM2.5,G003,Estaci¢n San Juanico,Active,IEG,Secretar°a de Medio Ambiente y Ordenamiento Territorial,MX,20.537683,-100.83994,482.5,-6,MX,NA,NA,80,MX,011,GUANAJUATO,|,80-011-G003
840MMHI11019,PM2.5,1019,Lahaina Boys and Girls Club,Active,HI1,Hawaii State Dept. of Health,R9,20.86897,-156.67066,0,-10,US,NA,NA,MM,MM,HI1,HI1,|,MM-HI1-1019
840130690002,PM2.5,0002,General Coffee,Active,GA1,Georgia Department of Natural Resources,R4,31.51309,-82.75027,0,-5,US,NA,NA,13,GA,069,COFFEE,|,13-069-0002
586PK3010003,PM2.5,0003,Lahore,Active,PK3,U.S. Department of State Pakistan - Lahore,DSPK,31.560078,74.33589,0,5,PK,NA,NA,na,N/A,N/A,N/A,|,na-N/A-0003
840060374010,PM2.5,4010,North Holywood,Active,CA3,South Coast AQMD,R9,34.181977,-118.363036,197.9,-8,US,31100,"Los Angeles-Long Beach-Santa Ana, CA",06,CA,037,LOS ANGELES,|,06-037-4010
400190297,PM2.5,0297,Healdton,Active,OK1,Oklahoma Department of Environmental Quality,R6,34.256901,-97.474197,293.1,-6,US,11620,"Ardmore, OK",40,OK,019,CARTER,|,40-019-0297
080131001,PM2.5,1001,Boulder - CU - 2102 Athens St.,Active,CO1,Colorado Department of Public Health and Environment,R8,40.0128,-105.2667,1632.4,-7,US,14500,"Boulder, CO",08,CO,013,BOULDER,|,08-013-1001
420710007,PM2.5,0007,Lancaster,Active,PA1,Pennsylvania Dept. of Environmental Protection,R3,40.0467,-76.2833,0,-5,US,29540,"Lancaster, PA",42,PA,071,LANCASTER,|,42-071-0007
060932001,PM2.5,2001,Yreka,Active,SIS,Siskiyou County APCD,R9,41.72679,-122.63359,799.1,-8,US,NA,NA,06,CA,093,SISKIYOU,|,06-093-2001
440070022,PM2.5,0022,CCRI Providence,Active,RI1,Rhode Island Dept. of Environmental Management,R1,41.807523,-71.41392,22.9,-5,US,39300,"Providence-New Bedford-Fall River, RI-MA",44,RI,007,PROVIDENCE,|,44-007-0022
490050007,PM2.5,0007,Smithfield,Active,UT1,Utah Department of Environmental Quality,R8,41.842778,-111.85194,0,-7,US,NA,NA,49,UT,005,CACHE,|,49-005-0007
170313103,PM2.5,3103,SCHILPRK,Active,IL1,Illinois EPA,R5,41.965,-87.8761,0,-6,US,16980,"Chicago-Naperville-Joliet, IL-IN-WI",17,IL,031,COOK,|,17-031-3103
260910007,PM2.5,0007,TECUMSEH,Active,MI1,"Michigan Department of Environment, Great Lakes, and Energy",R5,41.995602,-83.946701,0,-5,US,10300,"Adrian, MI",26,MI,091,LENAWEE,|,26-091-0007
000030120,PM2.5,0120,Lake Major,Active,NS1,Canada-Nova Scotia1,CA,44.7198,-63.48076,0,-4,CA,NA,NA,00,CC,003,NOVA SCOTIA,|,00-003-0120
230190017,PM2.5,0017,Bangor MSS,Active,ME1,Maine Dept. of Environmental Protection,R1,44.817398,-68.772762,9.8,-5,US,NA,NA,23,ME,019,PENOBSCOT,|,23-019-0017
840230290033,PM2.5,0033,Sipayik,Active,ME1,Maine Dept. of Environmental Protection,R1,44.963459,-67.060476,11.9,-5,US,NA,NA,23,ME,029,WASHINGTON,|,23-029-0033
CC0091901,PM2.5,1901,Caroline,Active,AB1,Alberta Environmental Monitoring and Reporting Agency (AEMERA),CA,51.95,-114.7,0,-7,CA,NA,NA,00,CC,009,ALBERTA,|,00-009-1901
CC0093101,PM2.5,3101,Genesee,Active,AB1,Alberta Environmental Monitoring and Reporting Agency (AEMERA),CA,53.3017,-114.2211,0,-7,CA,NA,NA,00,CC,009,ALBERTA,|,00-009-3101
124CC0090134,PM2.5,0134,AJ Ottewell Community Centre,Active,AB1,Alberta Environmental Monitoring and Reporting Agency (AEMERA),CA,53.53209,-113.32098,0,-7,CA,NA,NA,na,N/A,N/A,N/A,|,na-N/A-0134
150090025,PM2.5,0025,KAHULUI,Active,HI1,Hawaii State Dept. of Health,R9,20.869444,-156.492417,0,-10,US,NA,NA,15,HI,009,MAUI,|,15-009-0025
840MMHI11016,PM2.5,1016,Lahaina Pump 4,Active,HI1,Hawaii State Dept. of Health,R9,20.88341,-156.68577,0,-10,US,NA,NA,MM,MM,HI1,HI1,|,MM-HI1-1016
80011G015,PM2.5,G015,Estaci¢n San Miguel de Allende,Active,IEG,Secretar°a de Medio Ambiente y Ordenamiento Territorial,MX,20.914813,-100.743844,579.5,-6,MX,NA,NA,80,MX,011,GUANAJUATO,|,80-011-G015
010970003,PM2.5,0003,Chickasaw,Active,AL1,Alabama Department of Environmental Management,R4,30.7697,-88.0875,0,-6,US,33660,"Mobile, AL",01,AL,097,MOBILE,|,01-097-0003
480271045,PM2.5,1045,Temple Georgia C1045,Active,TX1,Texas Commission on Environmental Quality,R6,31.122527,-97.431158,195.2,-6,US,28660,"Killeen-Temple-Fort Hood, TX",48,TX,027,BELL,|,48-027-1045
481410044,PM2.5,0044,Chamizal C41,Active,TX1,Texas Commission on Environmental Quality,R6,31.7656,-106.455,1122.4,-7,US,21340,"El Paso, TX",48,TX,141,EL PASO,|,48-141-0044
350130021,PM2.5,0021,Desert View,Active,NM1,New Mexico Air Quality Bureau,R6,31.7961,-106.5839,1220,-7,US,29740,"Las Cruces, NM",35,NM,013,DONA ANA,|,35-013-0021
040191030,PM2.5,1030,Green Valley,Active,AZ3,Pima County Department of Environmental Quality,R9,31.8794,-110.9964,0,-7,US,46060,"Tucson, AZ",04,AZ,019,PIMA,|,04-019-1030
061110009,PM2.5,0009,Piru - Pacific,Active,CA5,Ventura County APCD,R9,34.40428,-118.80998,0,-8,US,37100,"Oxnard-Thousand Oaks-Ventura, CA",06,CA,111,VENTURA,|,06-111-0009
060010013,PM2.5,0013,Berkeley Aquatic Park,Active,CA2,San Francisco Bay Area AQMD,R9,37.864767,-122.302741,2.7,-8,US,NA,NA,06,CA,001,ALAMEDA,|,06-001-0013
211110051,PM2.5,0051,WATSON,Active,KY2,Louisville Metro Air Pollution Control District ,R4,38.0608,-85.8961,0,-5,US,31140,"Louisville, KY-IN",21,KY,111,JEFFERSON,|,21-111-0051
420110011,PM2.5,0011,Reading Airport,Active,PA1,Pennsylvania Dept. of Environmental Protection,R3,40.3833,-75.9686,92.1,-5,US,39740,"Reading, PA",42,PA,011,BERKS,|,42-011-0011
398KZ1010001,PM2.5,0001,Almaty,Active,KZ1,U.S. Department of State Kazakhstan - Almaty,DSKZ,43.252855,76.93118,0,6,KZ,NA,NA,na,N/A,N/A,N/A,|,na-N/A-0001
000050119,PM2.5,0119,Longueuil,Active,QC1,Canada-Quebec1,CA,45.5231,-73.4939,30.2,-5,CA,NA,NA,00,CC,005,QUEBEC,|,00-005-0119
840410670006,PM2.5,0006,Forest Grove Pacific University,Active,OR1,Oregon Dept. of Environmental Quality,R10,45.52483,-123.10554,79.9,-8,US,NA,NA,41,OR,067,WASHINGTON,|,41-067-0006
410670004,PM2.5,0004,Hillsboro - Hare Field,Active,OR1,Oregon Dept. of Environmental Quality,R10,45.528501,-122.972398,62.8,-8,US,38900,"Portland-Vancouver-Beaverton, OR-WA",41,OR,067,WASHINGTON,|,41-067-0004
CC0050135,PM2.5,0135,Caserne 17,Active,QC2,Canada-Quebec2,CA,45.593325,-73.637328,0,-5,CA,NA,NA,na,N/A,N/A,N/A,|,na-N/A-0135
000052401,PM2.5,2401,Parc de la Gatineau - La Pàche,Active,QC1,Canada-Quebec1,CA,45.6222,-76.0178,192.2,-5,CA,NA,NA,00,CC,005,QUEBEC,|,00-005-2401
530150015,PM2.5,0015,Longview-30th Ave,Active,WA1,Washington Department of Ecology,R10,46.1394,-122.9619,12.8,-8,US,31020,"Longview, WA",53,WA,015,COWLITZ,|,53-015-0015
530050002,PM2.5,0002,Kennewick-Metaline,Active,WA1,Washington Department of Ecology,R10,46.2183,-119.2015,162,-8,US,28420,"Kennewick-Richland-Pasco, WA",53,WA,005,BENTON,|,53-005-0002
000105201,PM2.5,5201,Burns Lake Fire Centre,Active,BC1,British Columbia Ministry of Environment,CA,54.2307,-125.7643,652.4,-8,CA,NA,NA,00,CC,010,BRITISH COLUMBIA,|,00-010-5201
600PAR010001,PM2.5,0001,Asuncion,Active,PAR,U.S. Department of State Paraguay - Asuncion,DSPA,-25.293536,-57.60395,0,-4,PA,NA,NA,na,N/A,N/A,N/A,|,na-N/A-0001
220710012,PM2.5,0012,City Park,Active,LA1,Louisiana Department of Environmental Quality,R6,29.9933,-90.1014,1.5,-6,US,35380,"New Orleans-Metairie-Kenner, LA",22,LA,071,ORLEANS,|,22-071-0012
482451050,PM2.5,1050,Beaumont Mary C1050,Active,TX1,Texas Commission on Environmental Quality,R6,30.067316,-94.090912,6.1,-6,US,13140,"Beaumont-Port Arthur, TX",48,TX,245,JEFFERSON,|,48-245-1050
840TT5980500,PM2.5,0500,Indio-29 Palms,Active,TNP,Twenty-Nine Palms Band of Mission Indians,R9,33.71969,-116.1897,0,-8,US,NA,NA,na,N/A,N/A,N/A,|,na-N/A-0500
840060652007,PM2.5,2007,Indio Amistad High School,Active,CA3,South Coast AQMD,R9,33.72537,-116.20684,-7.9,-8,US,40140,"Riverside-San Bernardino-Ontario, CA",06,CA,065,RIVERSIDE,|,06-065-2007
060590007,PM2.5,0007,Anaheim,Active,CA3,South Coast AQMD,R9,33.830586,-117.938509,15.3,-8,US,31100,"Los Angeles-Long Beach-Santa Ana, CA",06,CA,059,ORANGE,|,06-059-0007
840060771003,PM2.5,1003,Stockton - University Park,Active,CA8,California Air Resources Board,R9,37.961578,-121.281414,9.8,-8,US,44700,"Stockton, CA",06,CA,077,SAN JOAQUIN,|,06-077-1003
210670012,PM2.5,0012,NEWTWN,Active,KY1,Kentucky DEP,R4,38.065,-84.5,0,-5,US,30460,"Lexington-Fayette, KY",21,KY,067,FAYETTE,|,21-067-0012
840080990002,PM2.5,0002,Lamar Municipal Building,Active,CO1,Colorado Department of Public Health and Environment,R8,38.084688,-102.61864,1100.4,-7,US,NA,NA,08,CO,099,PROWERS,|,08-099-0002
421250005,PM2.5,0005,Charleroi,Active,PA1,Pennsylvania Dept. of Environmental Protection,R3,40.1469,-79.9033,0,-5,US,38300,"Pittsburgh, PA",42,PA,125,WASHINGTON,|,42-125-0005
840490499999,PM2.5,9999,Cave Camp - Timpanogos Cave,Active,UT1,Utah Department of Environmental Quality,R8,40.44194,-111.71341,1677.8,-7,US,NA,NA,49,UT,049,UTAH,|,49-049-9999
000103901,PM2.5,3901,Kitimat Riverlodge,Active,BC1,British Columbia Ministry of Environment,CA,54.05389,-128.671436,0,-8,CA,NA,NA,00,CC,010,BRITISH COLUMBIA,|,00-010-3901
032BAA010002,PM2.5,0002,Buenos Aires,Active,BAA,U.S. Department of State Argentina - Buenos Aires,DSAR,-34.5766,-58.4188,0,-3,AR,NA,NA,na,N/A,N/A,N/A,|,na-N/A-0002
NRB000068,PM2.5,0068,Alliance Girls High School,Active,NRB,Nairobi EPA,NA,-1.26614,36.66314,0,3,NA,NA,NA,na,N/A,N/A,N/A,|,na-N/A-0068
404KE1010001,PM2.5,0001,Nairobi,Active,KE1,U.S. Department of State Kenya - Nairobi,DSKE,-1.23437,36.81732,0,3,KE,NA,NA,na,N/A,N/A,N/A,|,na-N/A-0001
220570004,PM2.5,0004,Thibodaux,Active,LA1,Louisiana Department of Environmental Quality,R6,29.7639,-90.7653,1.5,-6,US,26380,"Houma-Bayou Cane-Thibodaux, LA",22,LA,057,LAFOURCHE,|,22-057-0004
130890003,PM2.5,0003,NR-285,Active,GA1,Georgia Department of Natural Resources,R4,33.698611,-84.272608,0,-5,US,12060,"Atlanta-Sandy Springs-Marietta, GA",13,GA,089,DE KALB,|,13-089-0003
510360002,PM2.5,0002,SHIRLEY PLANTATION,Active,VA1,Virginia Dept. of Environmental Quality,R3,37.34438,-77.25925,0,-5,US,40060,"Richmond, VA",51,VA,036,CHARLES CITY,|,51-036-0002
171570001,PM2.5,0001,HOUSTON,Active,IL1,Illinois EPA,R5,38.1761,-89.7883,0,-6,US,NA,NA,17,IL,157,RANDOLPH,|,17-157-0001
211110067,PM2.5,0067,Cannons Lane,Active,KY2,Louisville Metro Air Pollution Control District ,R4,38.2286,-85.6544,164.1,-5,US,31140,"Louisville, KY-IN",21,KY,111,JEFFERSON,|,21-111-0067
210430500,PM2.5,0500,GRAYSON,Active,KY1,Kentucky DEP,R4,38.2383,-82.9883,0,-5,US,NA,NA,21,KY,043,CARTER,|,21-043-0500
340392003,PM2.5,2003,Rahway PM,Active,NJ1,New Jersey Dept. of Environmental Protection,R2,40.603943,-74.276176,2.7,-5,US,35620,"New York-Northern New Jersey-Long Island, NY-NJ-PA",34,NJ,039,UNION,|,34-039-2003
840360850055,PM2.5,0055,Port Richmond,Active,NY1,New York Dept. of Environmental Conservation,R2,40.63306,-74.137156,0,-5,US,NA,NA,36,NY,085,RICHMOND,|,36-085-0055
360810120,PM2.5,0120,Maspeth,Active,NY1,New York Dept. of Environmental Conservation,R2,40.7269,-73.8933,0,-5,US,35620,"New York-Northern New Jersey-Long Island, NY-NJ-PA",36,NY,081,QUEENS,|,36-081-0120
634QA1010001,PM2.5,0001,Doha,Active,QA1,U.S. Department of State Qatar - Doha,DSQA,25.3337,51.22953,0,3,QA,NA,NA,na,N/A,N/A,N/A,|,na-N/A-0001
530110022,PM2.5,0022,Yacolt-Yacolt Rd,Active,WA1,Washington Department of Ecology,R10,45.863899,-122.410889,212.9,-8,US,NA,NA,53,WA,011,CLARK,|,53-011-0022
CC0040801,PM2.5,0801,CANTERBURY,Active,NB1,Canada-New Brunswick1,CA,45.9533,-67.4778,0,-4,CA,NA,NA,00,CC,004,NEW BRUNSWICK,|,00-004-0801
300930005,PM2.5,0005,Butte Greely School,Active,MT1,Montana DEQ,R8,46.002399,-112.500893,1683,-7,US,NA,NA,30,MT,093,SILVER BOW,|,30-093-0005
000052301,PM2.5,2301,Saint-Faustin-Lac-CarrÇ,Active,QC1,Canada-Quebec1,CA,46.035,-74.4819,400.5,-5,CA,NA,NA,00,CC,005,QUEBEC,|,00-005-2301
840TT1820003,PM2.5,0003,Kamiah,Active,NPT,Nez Perce Tribe,R10,46.2094,-116.0275,0,-8,US,NA,NA,na,N/A,N/A,N/A,|,na-N/A-0003
000102503,PM2.5,2503,TERRACE SKEENA MIDDLE SCHOOL,Active,BC1,British Columbia Ministry of Environment,CA,54.52167,-128.6075,0,-8,CA,NA,NA,00,CC,010,BRITISH COLUMBIA,|,00-010-2503
CC0091501,PM2.5,1501,Beaverlodge,Active,AB1,Alberta Environmental Monitoring and Reporting Agency (AEMERA),CA,55.1964,-119.3967,0,-7,CA,NA,NA,00,CC,009,ALBERTA,|,00-009-1501
076BR1010001,PM2.5,0001,Sao Paulo,Active,BR1,U.S. Department of State Brazil - Sao Paulo,DSBR,-23.629158,-46.696558,0,-3,BR,NA,NA,na,N/A,N/A,N/A,|,na-N/A-0001
482011035,PM2.5,1035,Clinton C403,Active,TX1,Texas Commission on Environmental Quality,R6,29.7339,-95.2575,6.1,-6,US,26420,"Houston-Sugar Land-Baytown, TX",48,TX,201,HARRIS,|,48-201-1035
482010058,PM2.5,0058,Baytown C148,Active,TX1,Texas Commission on Environmental Quality,R6,29.7708,-95.0311,6.1,-6,US,26420,"Houston-Sugar Land-Baytown, TX",48,TX,201,HARRIS,|,48-201-0058
480551604,PM2.5,1604,Lockhart C1604,Active,CAP,Capital Area Council of Governments,R6,29.864581,-97.664869,161.7,-6,US,12420,"Austin-Round Rock, TX",48,TX,055,CALDWELL,|,48-055-1604
220710021,PM2.5,0021,I-610 New Orleans Near Road,Active,LA1,Louisiana Department of Environmental Quality,R6,29.996013,-90.11819,0,-6,US,NA,NA,22,LA,071,ORLEANS,|,22-071-0021
450370001,PM2.5,0001,Trenton,Active,SC1,South Carolina DES,R4,33.7397,-81.8536,193.1,-5,US,12260,"Augusta-Richmond County, GA-SC",45,SC,037,EDGEFIELD,|,45-037-0001
840540110007,PM2.5,0007,HUNTINGTON,Active,WV2,West Virginia Division of Air Quality - Wheeling,R3,38.410242,-82.432436,0,-5,US,NA,NA,54,WV,011,CABELL,|,54-011-0007
390870012,PM2.5,0012,ODOT Ironton,Active,OH1,Ohio EPA-DAPC,R5,38.508114,-82.659301,162.9,-5,US,39020,"Portsmouth, OH",39,OH,087,LAWRENCE,|,39-087-0012
420770004,PM2.5,0004,Allentown,Active,PA1,Pennsylvania Dept. of Environmental Protection,R3,40.6119,-75.4325,0,-5,US,10900,"Allentown-Bethlehem-Easton, PA-NJ",42,PA,077,LEHIGH,|,42-077-0004
360810124,PM2.5,0124,Queens,Active,NY1,New York Dept. of Environmental Conservation,R2,40.7375,-73.8244,0,-5,US,35620,"New York-Northern New Jersey-Long Island, NY-NJ-PA",36,NY,081,QUEENS,|,36-081-0124
000060904,PM2.5,0904,London,Active,ON1,Ontario Ministry of the Environment,CA,42.974485,-81.200813,0,-5,CA,NA,NA,00,CC,006,ONTARIO,|,00-006-0904
360550015,PM2.5,0015,Rochester Near-road,Active,NY1,New York Dept. of Environmental Conservation,R2,43.145021,-77.557608,0,-5,US,NA,NA,36,NY,055,MONROE,|,36-055-0015
061030007,PM2.5,0007,Red Bluff - Walnut office,Active,THM,Tehama County Air Pollution Control District,R9,40.170917,-122.255667,99.7,-8,US,39780,"Red Bluff, CA",06,CA,103,TEHAMA,|,06-103-0007
421255200,PM2.5,5200,Houston,Active,PA1,Pennsylvania Dept. of Environmental Protection,R3,40.269,-80.244,370,-5,US,NA,NA,42,PA,125,WASHINGTON,|,42-125-5200
420031376,PM2.5,1376,Parkway East (Near Road),Active,PA3,Allegheny County,R3,40.437431,-79.863572,111.3,-5,US,38300,"Pittsburgh, PA",42,PA,003,ALLEGHENY,|,42-003-1376
340190001,PM2.5,0001,Flemington,Active,NJ1,New Jersey Dept. of Environmental Protection,R2,40.515251,-74.806755,44.8,-5,US,35620,"New York-Northern New Jersey-Long Island, NY-NJ-PA",34,NJ,019,HUNTERDON,|,34-019-0001
840410110003,PM2.5,0003,Coos Bay Marshfield HS,Active,OR1,Oregon Dept. of Environmental Quality,R10,43.362575,-124.218856,5.8,-8,US,NA,NA,41,OR,011,COOS,|,41-011-0003
410111036,PM2.5,1036,CTCLUSI Radar Hill-OR,Active,TRX,Quality Review and Exchange System for Tribes (QREST),R8,43.381943,-124.263885,83,-8,US,NA,NA,41,OR,011,COOS,|,41-011-1036
CC0050103,PM2.5,0103,Saint-Jean-Baptiste,Active,QC2,Canada-Quebec2,CA,45.641026,-73.499682,0,-5,CA,NA,NA,na,N/A,N/A,N/A,|,na-N/A-0103
300310019,PM2.5,0019,Bozeman High School,Active,MT1,Montana DEQ,R8,45.683765,-111.056282,0,-7,US,NA,NA,30,MT,031,GALLATIN,|,30-031-0019
124000051111,PM2.5,1111,Drummondville - Stade Jacques-Desautels,Active,QC1,Canada-Quebec1,CA,45.8713,-72.50318,0,-5,CA,NA,NA,00,CC,005,QUEBEC,|,00-005-1111
CC0040302,PM2.5,0302,MONCTON,Active,NB1,Canada-New Brunswick1,CA,46.101389,-64.789639,0,-4,CA,NA,NA,00,CC,004,NEW BRUNSWICK,|,00-004-0302
000103904,PM2.5,3904,KITIMAT WHITESAIL,Active,BC1,British Columbia Ministry of Environment,CA,54.066909,-128.639131,0,-8,CA,NA,NA,00,CC,010,BRITISH COLUMBIA,|,00-010-3904
NRB000045,PM2.5,0045,St Scholastica Catholic School,Active,NRB,Nairobi EPA,NA,-1.253111,36.85653,0,3,NA,NA,NA,na,N/A,N/A,N/A,|,na-N/A-0045
482011039,PM2.5,1039,Houston Deer Park C35,Active,TX1,Texas Commission on Environmental Quality,R6,29.670025,-95.128508,6.1,-6,US,26420,"Houston-Sugar Land-Baytown, TX",48,TX,201,HARRIS,|,48-201-1039
482010066,PM2.5,0066,Houston Westhollow C410,Active,TX1,Texas Commission on Environmental Quality,R6,29.7233,-95.6358,0,-6,US,26420,"Houston-Sugar Land-Baytown, TX",48,TX,201,HARRIS,|,48-201-0066
482010046,PM2.5,0046,Houston North Wayside C405,Active,TX1,Texas Commission on Environmental Quality,R6,29.8281,-95.2842,0,-6,US,26420,"Houston-Sugar Land-Baytown, TX",48,TX,201,HARRIS,|,48-201-0046
482450022,PM2.5,0022,Hamshire C64,Active,TX1,Texas Commission on Environmental Quality,R6,29.863952,-94.3178,4.9,-6,US,13140,"Beaumont-Port Arthur, TX",48,TX,245,JEFFERSON,|,48-245-0022
482010024,PM2.5,0024,Houston Aldine C8,Active,TX1,Texas Commission on Environmental Quality,R6,29.9011,-95.3261,18.3,-6,US,26420,"Houston-Sugar Land-Baytown, TX",48,TX,201,HARRIS,|,48-201-0024
040139997,PM2.5,9997,Phoenix JLG Supersite,Active,AZ1,Arizona Department of Environmental Quality,R9,33.503601,-112.095001,315.7,-7,US,38060,"Phoenix-Mesa-Scottsdale, AZ",04,AZ,013,MARICOPA,|,04-013-9997
420210011,PM2.5,0011,Johnstown,Active,PA1,Pennsylvania Dept. of Environmental Protection,R3,40.3097,-78.9158,0,-5,US,27780,"Johnstown, PA",42,PA,021,CAMBRIA,|,42-021-0011
421255001,PM2.5,5001,Florence,Active,PA1,Pennsylvania Dept. of Environmental Protection,R3,40.4447,-80.42,0,-5,US,38300,"Pittsburgh, PA",42,PA,125,WASHINGTON,|,42-125-5001
171132003,PM2.5,2003,NORMAL,Active,IL1,Illinois EPA,R5,40.5169,-88.9975,0,-6,US,14060,"Bloomington-Normal, IL",17,IL,113,MC LEAN,|,17-113-2003
000063701,PM2.5,3701,Grand Bend,Active,ON1,Ontario Ministry of the Environment,CA,43.333083,-81.742889,0,-5,CA,NA,NA,00,CC,006,ONTARIO,|,00-006-3701
CC0050131,PM2.5,0131,Hochelaga,Active,QC2,Canada-Quebec2,CA,45.539928,-73.540388,0,-5,CA,NA,NA,na,N/A,N/A,N/A,|,na-N/A-0131
271453052,PM2.5,3052,St. Cloud,Active,MN1,Minnesota Pollution Control Agency,R5,45.55,-94.1333,0,-6,US,33460,"Minneapolis-St. Paul-Bloomington, MN-WI",27,MN,145,STEARNS,|,27-145-3052
840410510003,PM2.5,0003,Roosevelt High School,Active,OR1,Oregon Dept. of Environmental Quality,R10,45.5901,-122.73762,34.8,-8,US,38900,"Portland-Vancouver-Beaverton, OR-WA",41,OR,051,MULTNOMAH,|,41-051-0003
000100202,PM2.5,0202,PRG Plaza 400,Active,BC1,British Columbia Ministry of Environment,CA,53.91472,-122.74194,601.5,-8,CA,NA,NA,00,CC,010,BRITISH COLUMBIA,|,00-010-0202
124000102402,PM2.5,2402,Smithers Muheim Memorial,Active,BC1,British Columbia Ministry of Environment,CA,54.778486,-127.168542,0,-8,CA,NA,NA,na,N/A,N/A,N/A,|,na-N/A-2402
JK1010001,PM2.5,0001,Jakarta South,Active,JK1,U.S. Department of State Indonesia - Jakarta,DSID,-6.236704,106.793244,15.3,7,ID,NA,NA,JK,JK,101,N/A,|,JK-101-0001
482010026,PM2.5,0026,Channelview C15,Active,TX1,Texas Commission on Environmental Quality,R6,29.8025,-95.1256,6.1,-6,US,26420,"Houston-Sugar Land-Baytown, TX",48,TX,201,HARRIS,|,48-201-0026
120050006,PM2.5,0006,St. Andrews Park,Active,FL1,Florida Dept. of Environmental Protection,R4,30.128901,-85.738098,0,-6,US,37460,"Panama City-Lynn Haven, FL",12,FL,005,BAY,|,12-005-0006
120230002,PM2.5,0002,Lake City,Active,FL1,Florida Dept. of Environmental Protection,R4,30.1783,-82.6192,0,-5,US,29380,"Lake City, FL",12,FL,023,COLUMBIA,|,12-023-0002
211930003,PM2.5,0003,HAZ2,Active,KY1,Kentucky DEP,R4,37.2831,-83.2203,0,-5,US,NA,NA,21,KY,193,PERRY,|,21-193-0003
840080030001,PM2.5,0001,Adams State College,Active,CO1,Colorado Department of Public Health and Environment,R8,37.469433,-105.87896,0,-7,US,NA,NA,08,CO,003,ALAMOSA,|,08-003-0001
060670011,PM2.5,0011,Elk Grove,Active,CA1,Sacramento Metro. AQMD,R9,38.302591,-121.420838,6.4,-8,US,40900,"Sacramento--Arden-Arcade--Roseville, CA",06,CA,067,SACRAMENTO,|,06-067-0011
060970004,PM2.5,0004,Sebastopol,Active,CA2,San Francisco Bay Area AQMD,R9,38.403765,-122.818294,0,-8,US,42220,"Santa Rosa-Petaluma, CA",06,CA,097,SONOMA,|,06-097-0004
511650003,PM2.5,0003,Rockingham,Active,VA1,Virginia Dept. of Environmental Quality,R3,38.47753,-78.81952,0,-5,US,25500,"Harrisonburg, VA",51,VA,165,ROCKINGHAM,|,51-165-0003
360290005,PM2.5,0005,Buffalo,Active,NY1,New York Dept. of Environmental Conservation,R2,42.8781,-78.8094,0,-5,US,15380,"Buffalo-Niagara Falls, NY",36,NY,029,ERIE,|,36-029-0005
840260810023,PM2.5,0023,GRAND RAPIDS - NR,Active,MI1,"Michigan Department of Environment, Great Lakes, and Energy",R5,42.88537,-85.67977,0,-5,US,24340,"Grand Rapids-Wyoming, MI",26,MI,081,KENT,|,26-081-0023
000061009,PM2.5,1009,Sarnia,Active,ON1,Ontario Ministry of the Environment,CA,42.990263,-82.395341,0,-5,CA,NA,NA,00,CC,006,ONTARIO,|,00-006-1009
530370002,PM2.5,0002,Ellensburg-Ruby St,Active,WA1,Washington Department of Ecology,R10,46.9936,-120.545,500.2,-8,US,21260,"Ellensburg, WA",53,WA,007,CHELAN,|,53-007-0002
530750006,PM2.5,0006,Rosalia-Josephine St,Active,WA1,Washington Department of Ecology,R10,47.2313,-117.3685,685.3,-8,US,39420,"Pullman, WA",53,WA,075,WHITMAN,|,53-075-0006
840530250003,PM2.5,0003,Soap Lake,Active,WA1,Washington Department of Ecology,R10,47.385564,-119.489855,0,-8,US,NA,NA,53,WA,025,GRANT,|,53-025-0003
530330017,PM2.5,0017,North Bend-North Bend Way (SO),Active,WA1,Washington Department of Ecology,R10,47.4902,-121.772697,140,-8,US,42660,"Seattle-Tacoma-Bellevue, WA",53,WA,033,KING,|,53-033-0017
CC0090702,PM2.5,0702,Patricia McInnes,Active,AB1,Alberta Environmental Monitoring and Reporting Agency (AEMERA),CA,56.7522,-111.4761,0,-7,CA,NA,NA,00,CC,009,ALBERTA,|,00-009-0702
KP1010001,PM2.5,0001,Kampala,Active,KP1,U.S. Department of State Uganda - Kampala,DSUG,0.300225,32.591554,0,3,UG,NA,NA,na,N/A,N/A,N/A,|,na-N/A-0001
566NI2010001,PM2.5,0001,Lagos,Active,NI2,U.S. Department of State Nigeria - Lagos,DSNI,6.440483,3.406815,0,1,NI,NA,NA,na,N/A,N/A,N/A,|,na-N/A-0001
566NI1010001,PM2.5,0001,Abuja,Active,NI1,U.S. Department of State Nigeria - Abuja,DSNI,9.041648,7.477374,0,1,NI,NA,NA,na,N/A,N/A,N/A,|,na-N/A-0001
AA1010001,PM2.5,0001,Addis Ababa Central,Active,AA1,U.S. Department of State Ethiopia - Addis Ababa,DSET,9.058498,38.761641,0,3,ET,NA,NA,na,N/A,N/A,N/A,|,na-N/A-0001
TPCD0013T,PM2.5,013T,Department of Disease Control,Active,TPCD,Thailand Pollution Control Department,NA,13.852778,100.529444,0,7,NA,NA,NA,na,N/A,N/A,N/A,|,na-N/A-013T
483390078,PM2.5,0078,Conroe Relocated C78,Active,TX1,Texas Commission on Environmental Quality,R6,30.3503,-95.425,42.7,-6,US,26420,"Houston-Sugar Land-Baytown, TX",48,TX,339,MONTGOMERY,|,48-339-0078
840482091629,PM2.5,1629,CAPCOG TAYLOR MURPHY PARK C1629,Active,CAP,Capital Area Council of Governments,R6,30.579149,-97.416462,0,-6,US,NA,NA,48,TX,209,HAYS,|,48-209-1629
240190004,PM2.5,0004,Horn Point,Active,MD1,Maryland Department of the Environment,R3,38.5876,-76.1408,2.7,-5,US,NA,NA,24,MD,019,DORCHESTER,|,24-019-0004
360610115,PM2.5,0115,Manhattan/IS143,Active,NY1,New York Dept. of Environmental Conservation,R2,40.8492,-73.9319,0,-5,US,35620,"New York-Northern New Jersey-Long Island, NY-NJ-PA",36,NY,061,NEW YORK,|,36-061-0115
000020401,PM2.5,0401,SOUTHAMPTON,Active,PE1,Canada-Prince Edward Island1,CA,46.3864,-62.5828,15.3,-4,CA,NA,NA,00,CC,002,PRINCE EDWARD ISLAND,|,00-002-0401
300630024,PM2.5,0024,Missoula Boyd Park,Active,MT1,Montana DEQ,R8,46.842297,-114.020549,0,-7,US,NA,NA,30,MT,063,MISSOULA,|,30-063-0024
000053601,PM2.5,3601,Notre-Dame-du-Rosaire,Active,QC1,Canada-Quebec1,CA,46.8508,-70.4528,421.8,-5,CA,NA,NA,00,CC,005,QUEBEC,|,00-005-3601
270052013,PM2.5,2013,Detroit Lakes,Active,MN1,Minnesota Pollution Control Agency,R5,46.8511,-95.8467,0,-6,US,NA,NA,27,MN,005,BECKER,|,27-005-2013
418LAO010001,PM2.5,0001,Vientiane,Active,LAO,U.S. Department of State Laos - Vientiane,DSLA,17.896122,102.64,0,7,LA,NA,NA,na,N/A,N/A,N/A,|,na-N/A-0001
150011012,PM2.5,1012,Kona,Active,HI1,Hawaii State Dept. of Health,R9,19.5097,-155.9133,517.3,-10,US,25900,"Hilo, HI",15,HI,001,HAWAII,|,15-001-1012
800150333,PM2.5,0333,San Agust°n,Active,MXC,Red de Monitoreo de la Calidad del Aire de la Ciudad de Mexico,MX,19.5329,-99.0303,2242.4,-6,MX,NA,NA,80,MX,015,MEXICO STATE,|,80-015-0333
051190007,PM2.5,0007,PARR,Active,AR1,Arkansas Department of Environmental Quality,R6,34.756058,-92.281034,0,-6,US,30780,"Little Rock-North Little Rock, AR",05,AR,119,PULASKI,|,05-119-0007
060192008,PM2.5,2008,Huron,Active,CA6,San Joaquin Valley Unified APCD,R9,36.1994,-120.0991,0,-8,US,NA,NA,06,CA,019,FRESNO,|,06-019-2008
840110010053,PM2.5,0053,King Greenleaf Rec Center,Active,DC1,District of Columbia - Department of Energy and Environment,R3,38.875161,-77.012816,3.1,-5,US,47900,"Washington-Arlington-Alexandria, DC-VA-MD-WV",11,DC,001,WASHINGTON,|,11-001-0053
320211017,PM2.5,1017,Walker River Paiute Tribe-NV,Active,TRX,Quality Review and Exchange System for Tribes (QREST),R8,38.9519,-118.8144,1281,-8,US,NA,NA,32,NV,021,MINERAL,|,32-021-1017
84032005TRP1,PM2.5,TRP1,TRPA Office,Active,TRP,Tahoe Regional Planning Agency,R9,38.966434,-119.931016,0,-8,US,NA,NA,32,NV,005,DOUGLAS,|,32-005-TRP1
060110007,PM2.5,0007,Cortina Rancheria,Active,TRX,Quality Review and Exchange System for Tribes (QREST),R8,39.015,-122.286111,244.3,-8,US,NA,NA,06,CA,011,COLUSA,|,06-011-0007
211110075,PM2.5,0075,Near Road,Active,KY2,Louisville Metro Air Pollution Control District ,R4,38.1935,-85.7121,0,-5,US,31140,"Louisville, KY-IN",21,KY,111,JEFFERSON,|,21-111-0075
420630004,PM2.5,0004,Strongstown,Active,PA1,Pennsylvania Dept. of Environmental Protection,R3,40.5633,-78.92,0,-5,US,26860,"Indiana, PA",42,PA,063,INDIANA,|,42-063-0004
840490352005,PM2.5,2005,Copper View,Active,UT1,Utah Department of Environmental Quality,R8,40.598056,-111.894167,0,-7,US,41620,"Salt Lake City, UT",49,UT,035,SALT LAKE,|,49-035-2005
490450004,PM2.5,0004,Erda,Active,UT1,Utah Department of Environmental Quality,R8,40.600556,-112.355,0,-7,US,NA,NA,49,UT,045,TOOELE,|,49-045-0004
840420070008,PM2.5,0008,Fort McIntosh,Active,PA1,Pennsylvania Dept. of Environmental Protection,R3,40.691857,-80.299211,0,-5,US,NA,NA,42,PA,007,BEAVER,|,42-007-0008
340171003,PM2.5,1003,Jersey City FH,Active,NJ1,New Jersey Dept. of Environmental Protection,R2,40.725452,-74.052292,5.8,-5,US,35620,"New York-Northern New Jersey-Long Island, NY-NJ-PA",34,NJ,017,HUDSON,|,34-017-1003
840340170008,PM2.5,0008,Union City High School,Active,NJ1,New Jersey Dept. of Environmental Protection,R2,40.770908,-74.036218,58,-5,US,35620,"New York-Northern New Jersey-Long Island, NY-NJ-PA",34,NJ,017,HUDSON,|,34-017-0008
840391510017,PM2.5,0017,Canton Fire St8,Active,OH1,Ohio EPA-DAPC,R5,40.786803,-81.394153,0,-5,US,NA,NA,39,OH,151,STARK,|,39-151-0017
500030004,PM2.5,0004,Bennington,Active,VT1,Vermont Air Quality & Climate Division,R1,42.887501,-73.249702,219,-5,US,13540,"Bennington, VT",50,VT,003,BENNINGTON,|,50-003-0004
840410351001,PM2.5,1001,Crater Lake Rim,Active,OR1,Oregon Dept. of Environmental Quality,R10,42.910942,-122.145116,2165.5,-8,US,NA,NA,41,OR,035,KLAMATH,|,41-035-1001
840550250047,PM2.5,0047,Madison University Ave,Active,WI1,Wisconsin Dept. of Natural Resources,R5,43.07378,-89.43595,0,-6,US,31540,"Madison, WI",55,WI,025,DANE,|,55-025-0047
000061302,PM2.5,1302,St. Catharines,Active,ON1,Ontario Ministry of the Environment,CA,43.160056,-79.23475,0,-5,CA,NA,NA,00,CC,006,ONTARIO,|,00-006-1302
498MLD010001,PM2.5,0001,Chisinau,Active,MLD,U.S. Department of State Moldova - Chisinau,DSMD,47.021561,28.81938,0,2,MD,NA,NA,na,N/A,N/A,N/A,|,na-N/A-0001
840300210005,PM2.5,0005,Glendive,Active,MT1,Montana DEQ,R8,47.12072,-104.75168,0,-7,US,NA,NA,30,MT,021,DAWSON,|,30-021-0005
530251002,PM2.5,1002,Moses Lake-Balsam St,Active,WA1,Washington Department of Ecology,R10,47.1303,-119.2726,99.1,-8,US,34180,"Moses Lake, WA",53,WA,025,GRANT,|,53-025-1002
380650002,PM2.5,0002,Hannover,Active,ND1,North Dakota Department of Environmental Quality,R8,47.1858,-101.4281,697.2,-6,US,NA,NA,38,ND,065,OLIVER,|,38-065-0002
060658005,PM2.5,8005,Mira Loma - Van Buren,Active,CA3,South Coast AQMD,R9,33.996387,-117.4925,230.9,-8,US,40140,"Riverside-San Bernardino-Ontario, CA",06,CA,065,RIVERSIDE,|,06-065-8005
371470006,PM2.5,0006,PITTAGCT,Active,NC1,North Carolina DEQ - Division of Air Quality,R4,35.641276,-77.360126,6.7,-5,US,24780,"Greenville, NC",37,NC,147,PITT,|,37-147-0006
295100094,PM2.5,0094,Forest Park,Active,MO1,Missouri Department of Natural Resources,R7,38.631057,-90.281144,162,-6,US,41180,"St. Louis, MO-IL",29,MO,510,ST. LOUIS (CITY),|,29-510-0094
360050080,PM2.5,0080,Morrisania,Active,NY1,New York Dept. of Environmental Conservation,R2,40.8367,-73.9214,0,-5,US,35620,"New York-Northern New Jersey-Long Island, NY-NJ-PA",36,NY,005,BRONX,|,36-005-0080
000065301,PM2.5,5301,Port Stanley,Active,ON1,Ontario Ministry of the Environment,CA,42.672127,-81.162948,0,-5,CA,NA,NA,00,CC,006,ONTARIO,|,00-006-5301
160530003,PM2.5,0003,Minidoka National Historic Site,Active,NPS,National Park Service,USEPA,42.68,-114.2525,1223.4,-7,US,NA,NA,16,ID,053,JEROME,|,16-053-0003
300810007,PM2.5,0007,Hamilton PS 46,Active,MT1,Montana DEQ,R8,46.243621,-114.158889,0,-7,US,NA,NA,30,MT,081,RAVALLI,|,30-081-0007
530770015,PM2.5,0015,Toppenish-Yakama Tribe,Active,WA1,Washington Department of Ecology,R10,46.380199,-120.332603,215.9,-8,US,49420,"Yakima, WA",53,WA,077,YAKIMA,|,53-077-0015
840TT1820013,PM2.5,0013,Lapwai,Active,NPT,Nez Perce Tribe,R10,46.3972,-116.8062,0,-8,US,NA,NA,na,N/A,N/A,N/A,|,na-N/A-0013
000060610,PM2.5,0610,Sudbury,Active,ON1,Ontario Ministry of the Environment,CA,46.492002,-81.003099,0,-5,CA,NA,NA,00,CC,006,ONTARIO,|,00-006-0610
550030010,PM2.5,0010,Bad River Tribal School,Active,WI1,Wisconsin Dept. of Natural Resources,R5,46.6144,-90.6986,0,-6,US,NA,NA,55,WI,003,ASHLAND,|,55-003-0010
DS1010005,PM2.5,0005,Hyderabad,Active,DS5,U.S. Department of State India - Hyderabad,DSIN,17.38405,78.45636,0,5.5,IN,NA,NA,DS,DS,101,India,|,DS-101-0005
800090023,PM2.5,0023,Camarones,Active,MXC,Red de Monitoreo de la Calidad del Aire de la Ciudad de Mexico,MX,19.4684,-99.1697,2234.4,-6,MX,NA,NA,80,MX,009,DISTRITO FEDERAL,|,80-009-0023
450790007,PM2.5,0007,Parklane,Active,SC1,South Carolina DES,R4,34.093899,-80.962196,108.9,-5,US,17900,"Columbia, SC",45,SC,079,RICHLAND,|,45-079-0007
060610006,PM2.5,0006,Roseville - N.Sunrise/Douglas,Active,CA8,California Air Resources Board,R9,38.74643,-121.26498,0,-8,US,40900,"Sacramento--Arden-Arcade--Roseville, CA",06,CA,061,PLACER,|,06-061-0006
290370003,PM2.5,0003,RG_South,Active,MO1,Missouri Department of Natural Resources,R7,38.75961,-94.57983,314.5,-6,US,28140,"Kansas City, MO-KS",29,MO,037,CASS,|,29-037-0003
840110010055,PM2.5,0055,Bald Eagle,Active,DC1,District of Columbia - Department of Energy and Environment,R3,38.81853,-77.01039,54.9,-5,US,NA,NA,11,DC,001,WASHINGTON,|,11-001-0055
200910010,PM2.5,0010,Heritage Park,Active,KS1,Kansas Dept. of Health and Environment,R7,38.8386,-94.7464,0,-6,US,28140,"Kansas City, MO-KS",20,KS,091,JOHNSON,|,20-091-0010
490353010,PM2.5,3010,Rose Park,Active,UT1,Utah Department of Environmental Quality,R8,40.7955,-111.9309,0,-7,US,41620,"Salt Lake City, UT",49,UT,035,SALT LAKE,|,49-035-3010
840490353016,PM2.5,3016,Prison Site,Active,UT1,Utah Department of Environmental Quality,R8,40.807897,-112.087717,0,-7,US,41620,"Salt Lake City, UT",49,UT,035,SALT LAKE,|,49-035-3016
550590019,PM2.5,0019,CHIWAUKEE,Active,WI1,Wisconsin Dept. of Natural Resources,R5,42.5047,-87.8111,0,-6,US,16980,"Chicago-Naperville-Joliet, IL-IN-WI",55,WI,059,KENOSHA,|,55-059-0019
160291009,PM2.5,1009,Soda Springs PM25,Active,ID1,Idaho Department of Environmental Quality,R10,42.65167,-111.61472,0,-7,US,NA,NA,16,ID,029,CARIBOU,|,16-029-1009
260650018,PM2.5,0018,LANSING,Active,MI1,"Michigan Department of Environment, Great Lakes, and Energy",R5,42.76138,-84.562867,0,-5,US,29620,"Lansing-East Lansing, MI",26,MI,065,INGHAM,|,26-065-0018
560250100,PM2.5,0100,Casper Gaseous,Active,WY1,Wyoming Department of Environmental Quality,R8,42.82231,-106.36501,1591.8,-7,US,16220,"Casper, WY",56,WY,025,NATRONA,|,56-025-0100
330150018,PM2.5,0018,Londonderry - Moose Hill,Active,NH1,New Hampshire Dept. of Environmental Services,R1,42.862531,-71.38014,123.8,-5,US,NA,NA,33,NH,015,ROCKINGHAM,|,33-015-0018
840517600025,PM2.5,0025,Richmond City Near Road,Active,VA1,Virginia Dept. of Environmental Quality,R3,37.59088,-77.46925,54.9,-5,US,40060,"Richmond, VA",51,VA,760,RICHMOND (CITY),|,51-760-0025
060010015,PM2.5,0015,Pleasanton - Owens Ct.,Active,CA2,San Francisco Bay Area AQMD,R9,37.701222,-121.903019,100.3,-8,US,41860,"San Francisco-Oakland-Fremont, CA",06,CA,001,ALAMEDA,|,06-001-0015
295100093,PM2.5,0093,Branch Street,Active,MO1,Missouri Department of Natural Resources,R7,38.65643,-90.18977,128.7,-6,US,NA,NA,29,MO,510,ST. LOUIS (CITY),|,29-510-0093
295100085,PM2.5,0085,Blair Street,Active,MO1,Missouri Department of Natural Resources,R7,38.656449,-90.198548,137.3,-6,US,41180,"St. Louis, MO-IL",29,MO,510,ST. LOUIS (CITY),|,29-510-0085
360610135,PM2.5,0135,CCNY,Active,NY1,New York Dept. of Environmental Conservation,R2,40.8197,-73.9481,0,-5,US,35620,"New York-Northern New Jersey-Long Island, NY-NJ-PA",36,NY,061,NEW YORK,|,36-061-0135
560130099,PM2.5,0099,South Pass,Active,WY1,Wyoming Department of Environmental Quality,R8,42.5275,-108.7203,2527.5,-7,US,40180,"Riverton, WY",56,WY,013,FREMONT,|,56-013-0099
160830007,PM2.5,0007,Twin Falls PM25,Active,ID1,Idaho Department of Environmental Quality,R10,42.565089,-114.494717,1130.6,-7,US,NA,NA,16,ID,083,TWIN FALLS,|,16-083-0007
250112005,PM2.5,2005,Greenfield,Active,MA1,Massachusetts Dept. of Environmental Protection,R1,42.605816,-72.596689,0,-5,US,NA,NA,25,MA,011,FRANKLIN,|,25-011-2005
270353204,PM2.5,3204,Brainerd,Active,MN1,Minnesota Pollution Control Agency,R5,46.3944,-94.1433,0,-6,US,14660,"Brainerd, MN",27,MN,035,CROW WING,|,27-035-3204
DS1010004,PM2.5,0004,Mumbai,Active,DS4,U.S. Department of State India - Mumbai,DSIN,19.07283,72.88261,0,5.5,IN,NA,NA,DS,DS,101,India,|,DS-101-0004
484800150584,PM2.5,0584,FES Aragon,Active,MXC,Red de Monitoreo de la Calidad del Aire de la Ciudad de Mexico,MX,19.4525,-99.086,0,-6,MX,NA,NA,80,MX,015,MEXICO STATE,|,80-015-0584
840150013027,PM2.5,3027,KS Hawaii,Active,HI1,Hawaii State Dept. of Health,R9,19.611915,-155.055038,0,-10,US,NA,NA,15,HI,001,HAWAII,|,15-001-3027
350130016,PM2.5,0016,Anthony,Active,NM1,New Mexico Air Quality Bureau,R6,32.0036,-106.5992,1146.8,-7,US,29740,"Las Cruces, NM",35,NM,013,DONA ANA,|,35-013-0016
040191113,PM2.5,1113,Geronimo,Active,AZ3,Pima County Department of Environmental Quality,R9,32.25,-110.9667,747.9,-7,US,46060,"Tucson, AZ",04,AZ,019,PIMA,|,04-019-1113
840060731025,PM2.5,1025,N/A,Active,CA4,San Diego APCD,R9,32.552794,-117.047286,18,-8,US,41740,"San Diego-Carlsbad-San Marcos, CA",06,CA,073,SAN DIEGO,|,06-073-1025
482570005,PM2.5,0005,Kaufman C71,Active,TX1,Texas Commission on Environmental Quality,R6,32.565,-96.3175,0,-6,US,19100,"Dallas-Fort Worth-Arlington, TX",48,TX,257,KAUFMAN,|,48-257-0005
010890014,PM2.5,0014,Huntsville Old Airport,Active,AL4,Huntsville Natural Resources and Environmental Management,R4,34.6917,-86.591698,0,-6,US,26620,"Huntsville, AL",01,AL,089,MADISON,|,01-089-0014
AA1010002,PM2.5,0002,Addis Ababa Jacros,Active,AA1,U.S. Department of State Ethiopia - Addis Ababa,DSET,9.011444,38.820909,0,3,ET,NA,NA,na,N/A,N/A,N/A,|,na-N/A-0002
188CRI010001,PM2.5,0001,San Jose,Active,CRI,U.S. Department of State Costa Rica - San Jose,DSCS,9.949488,-84.142878,0,-6,CS,NA,NA,na,N/A,N/A,N/A,|,na-N/A-0001
484531068,PM2.5,1068,Austin North Interstate 35 C1068,Active,TX1,Texas Commission on Environmental Quality,R6,30.35386,-97.69166,195.2,-6,US,12420,"Austin-Round Rock, TX",48,TX,453,TRAVIS,|,48-453-1068
121130015,PM2.5,0015,Woodlawn,Active,FL1,Florida Dept. of Environmental Protection,R4,30.3942,-87.0081,0,-5,US,37860,"Pensacola-Ferry Pass-Brent, FL",12,FL,115,SARASOTA,|,12-115-0015
131350002,PM2.5,0002,Gwinnett Tech,Active,GA1,Georgia Department of Natural Resources,R4,33.9636,-84.0664,0,-5,US,12060,"Atlanta-Sandy Springs-Marietta, GA",13,GA,135,GWINNETT,|,13-135-0002
010550010,PM2.5,0010,GADSDEN,Active,AL1,Alabama Department of Environmental Management,R4,33.991341,-85.992653,182.7,-6,US,23460,"Gadsden, AL",01,AL,055,ETOWAH,|,01-055-0010
060990005,PM2.5,0005,Modesto - 14th Street,Active,CA8,California Air Resources Board,R9,37.642165,-120.994212,0,-8,US,33700,"Modesto, CA",06,CA,099,STANISLAUS,|,06-099-0005
201730010,PM2.5,0010,WHlthDpt,Active,KS1,Kansas Dept. of Health and Environment,R7,37.7011,-97.3139,0,-6,US,48620,"Wichita, KS",20,KS,173,SEDGWICK,|,20-173-0010
171191007,PM2.5,1007,GC_MAD,Active,IL1,Illinois EPA,R5,38.7045,-90.1397,0,-6,US,41180,"St. Louis, MO-IL",17,IL,119,MADISON,|,17-119-1007
410330114,PM2.5,0114,Grants Pass - Parkside School,Active,OR1,Oregon Dept. of Environmental Quality,R10,42.434149,-123.348466,280,-8,US,24420,"Grants Pass, OR",41,OR,033,JOSEPHINE,|,41-033-0114
180550001,PM2.5,0001,Plummer,Active,IN4,Indiana Dept. of Environmental Management,R5,38.985556,-86.99,0,-5,US,14020,"Bloomington, IN",18,IN,055,GREENE,|,18-055-0001
391550014,PM2.5,0014,Laird Eng Bldg,Active,OH1,Ohio EPA-DAPC,R5,41.23172,-80.80116,276.9,-5,US,49660,"Youngstown-Warren-Boardman, OH-PA",39,OH,155,TRUMBULL,|,39-155-0014
061113001,PM2.5,3001,El Rio - Rio Mesa School #2,Active,CA5,Ventura County APCD,R9,34.25239,-119.14318,0,-8,US,37100,"Oxnard-Thousand Oaks-Ventura, CA",06,CA,111,VENTURA,|,06-111-3001
508MAP010001,PM2.5,0001,Maputo,Active,MAP,U.S. Department of State Mozambique - Maputo,DSMZ,-25.90382,32.62835,0,2,MZ,NA,NA,na,N/A,N/A,N/A,|,na-N/A-0001
090031003,PM2.5,1003,East Hartford,Active,CT1,Connecticut Dept. of Energy and Environmental Protection,R1,41.7847,-72.6297,14.9,-5,US,25540,"Hartford-West Hartford-East Hartford, CT",09,CT,003,HARTFORD,|,09-003-1003
090010010,PM2.5,0010,Bridgeport,Active,CT1,Connecticut Dept. of Energy and Environmental Protection,R1,41.171398,-73.195297,6.7,-5,US,14860,"Bridgeport-Stamford-Norwalk, CT",09,CT,001,FAIRFIELD,|,09-001-0010
090090027,PM2.5,0027,New Haven,Active,CT1,Connecticut Dept. of Energy and Environmental Protection,R1,41.301288,-72.902685,0,-5,US,35300,"New Haven-Milford, CT",09,CT,009,NEW HAVEN,|,09-009-0027
360470118,PM2.5,0118,Bklyn - PS274,Active,NY1,New York Dept. of Environmental Conservation,R2,40.694401,-73.928596,0,-5,US,35620,"New York-Northern New Jersey-Long Island, NY-NJ-PA",36,NY,047,KINGS,|,36-047-0118
320030024,PM2.5,0024,Virgin Valley,Active,NV1,Clark County Department of Environment and Sustainability ,R9,36.815897,-114.050347,0,-8,US,NA,NA,32,NV,003,CLARK,|,32-003-0024
271713201,PM2.5,3201,St. Michael,Active,MN1,Minnesota Pollution Control Agency,R5,45.2108,-93.6686,0,-6,US,33460,"Minneapolis-St. Paul-Bloomington, MN-WI",27,MN,171,WRIGHT,|,27-171-3201
170314007,PM2.5,4007,DESPLNS,Active,IL1,Illinois EPA,R5,42.0603,-87.8631,0,-6,US,16980,"Chicago-Naperville-Joliet, IL-IN-WI",17,IL,031,COOK,|,17-031-4007
220630002,PM2.5,0002,French Settlement,Active,LA1,Louisiana Department of Environmental Quality,R6,30.315,-90.8114,0,-6,US,12940,"Baton Rouge, LA",22,LA,063,LIVINGSTON,|,22-063-0002
211111041,PM2.5,1041,Algonquin Parkway,Active,KY2,Louisville Metro Air Pollution Control District ,R4,38.23158,-85.82675,0,-5,US,31140,"Louisville, KY-IN",21,KY,111,JEFFERSON,|,21-111-1041
471450004,PM2.5,0004,Harriman,Active,TN1,Tennessee Air Pollution Control Div.,R4,35.9386,-84.5439,0,-5,US,25340,"Harriman, TN",47,TN,145,ROANE,|,47-145-0004
350130022,PM2.5,0022,Santa Teresa,Active,NM1,New Mexico Air Quality Bureau,R6,31.7878,-106.6828,1281,-7,US,29740,"Las Cruces, NM",35,NM,013,DONA ANA,|,35-013-0022
483750320,PM2.5,0320,Amarillo Texas A&M C320,Active,TX1,Texas Commission on Environmental Quality,R6,35.2006,-101.9083,1122.7,-6,US,11100,"Amarillo, TX",48,TX,375,POTTER,|,48-375-0320
000054901,PM2.5,4901,La Patrie - Ditton,Active,QC1,Canada-Quebec1,CA,45.3733,-71.2514,477.9,-5,CA,NA,NA,00,CC,005,QUEBEC,|,00-005-4901
060371302,PM2.5,1302,Compton,Active,CA3,South Coast AQMD,R9,33.9014,-118.205,27.5,-8,US,31100,"Los Angeles-Long Beach-Santa Ana, CA",06,CA,037,LOS ANGELES,|,06-037-1302
280490020,PM2.5,0020,Jackson NCORE,Active,MS1,Mississippi DEQ,R4,32.329042,-90.182659,101.9,-6,US,27140,"Jackson, MS",28,MS,049,HINDS,|,28-049-0020
484MEX010001,PM2.5,0001,Tijuana,Active,MEX,U.S. Department of State Mexico - Tijuana,DSMX,32.523366,-116.952495,0,-8,MX,NA,NA,na,N/A,N/A,N/A,|,na-N/A-0001
131530001,PM2.5,0001,Warner Robins,Active,GA1,Georgia Department of Natural Resources,R4,32.6056,-83.5979,90,-5,US,47580,"Warner Robins, GA",13,GA,153,HOUSTON,|,13-153-0001
060310004,PM2.5,0004,Corcoran,Active,CA6,San Joaquin Valley Unified APCD,R9,36.102219,-119.566002,0,-8,US,25260,"Hanford-Corcoran, CA",06,CA,031,KINGS,|,06-031-0004
470370023,PM2.5,0023,LOCKELAND,Active,TN2,Davidson County PCD,R4,36.1767,-86.7386,0,-6,US,34980,"Nashville-Davidson--Murfreesboro, TN",47,TN,037,DAVIDSON,|,47-037-0023
051430005,PM2.5,0005,SPRNGDLE,Active,AR1,Arkansas Department of Environmental Quality,R6,36.179705,-94.11663,407.2,-6,US,22220,"Fayetteville-Springdale-Rogers, AR-MO",05,AR,143,WASHINGTON,|,05-143-0005
471410005,PM2.5,0005,Cookeville,Active,TN1,Tennessee Air Pollution Control Div.,R4,36.1857,-85.4921,0,-6,US,18260,"Cookeville, TN",47,TN,141,PUTNAM,|,47-141-0005
110010051,PM2.5,0051,DCNearRoad,Active,DC1,District of Columbia - Department of Energy and Environment,R3,38.894749,-76.953427,0,-5,US,47900,"Washington-Arlington-Alexandria, DC-VA-MD-WV",11,DC,001,WASHINGTON,|,11-001-0051
171971011,PM2.5,1011,BRAIDWD,Active,IL1,Illinois EPA,R5,41.2222,-88.1906,0,-6,US,16980,"Chicago-Naperville-Joliet, IL-IN-WI",17,IL,197,WILL,|,17-197-1011
550270001,PM2.5,0001,Horicon Wildlife Area,Active,WI1,Wisconsin Dept. of Natural Resources,R5,43.46611,-88.621109,286.4,-6,US,NA,NA,55,WI,027,DODGE,|,55-027-0001
124000060434,PM2.5,0434,Misssissauga,Active,ON1,Ontario Ministry of the Environment,CA,43.546174,-79.658797,0,-5,CA,NA,NA,na,N/A,N/A,N/A,|,na-N/A-0434
330090010,PM2.5,0010,Lebanon,Active,NH1,New Hampshire Dept. of Environmental Services,R1,43.629605,-72.309499,178.1,-5,US,30100,"Lebanon, NH-VT",33,NH,009,GRAFTON,|,33-009-0010
300890007,PM2.5,0007,Thompson Falls HS,Active,MT1,Montana DEQ,R8,47.594395,-115.323746,0,-7,US,NA,NA,30,MT,089,SANDERS,|,30-089-0007
840061072003,PM2.5,2003,Visalia - W Ashland Avenue,Active,CA8,California Air Resources Board,R9,36.30815,-119.3129,97.9,-8,US,47300,"Visalia-Porterville, CA",06,CA,107,TULARE,|,06-107-2003
110010041,PM2.5,0041,RIVER_Terrace,Active,DC1,District of Columbia - Department of Energy and Environment,R3,38.895683,-76.958089,12.8,-5,US,47900,"Washington-Arlington-Alexandria, DC-VA-MD-WV",11,DC,001,WASHINGTON,|,11-001-0041
840060610003,PM2.5,0003,Auburn,Active,PLA,Placer County APCD,R9,38.93568,-121.09959,0,-8,US,40900,"Sacramento--Arden-Arcade--Roseville, CA",06,CA,061,PLACER,|,06-061-0003
100010002,PM2.5,0002,KILLENS,Active,DE1,Delaware Dept. of Natural Resources and Environment,R3,38.986672,-75.5568,0,-5,US,20100,"Dover, DE",10,DE,001,KENT,|,10-001-0002
240330030,PM2.5,0030,HU-Beltsville,Active,MD1,Maryland Department of the Environment,R3,39.055302,-76.878304,52.8,-5,US,47900,"Washington-Arlington-Alexandria, DC-VA-MD-WV",24,MD,033,PRINCE GEORGES,|,24-033-0030
390610040,PM2.5,0040,Taft NCore PAMS,Active,OH1,Ohio EPA-DAPC,R5,39.12886,-84.50404,0,-5,US,17140,"Cincinnati-Middletown, OH-KY-IN",39,OH,061,HAMILTON,|,39-061-0040
560210100,PM2.5,0100,Cheyenne NCore,Active,WY1,Wyoming Department of Environmental Quality,R8,41.18222,-104.778336,1866,-7,US,16940,"Cheyenne, WY",56,WY,021,LARAMIE,|,56-021-0100
310550019,PM2.5,0019,NCORE,Active,NE2,Douglas County Health Department (Omaha),R7,41.2474,-95.9731,379.1,-6,US,36540,"Omaha-Council Bluffs, NE-IA",31,NE,055,DOUGLAS,|,31-055-0019
160010020,PM2.5,0020,Garden City,Active,ID1,Idaho Department of Environmental Quality,R10,43.647888,-116.269409,0,-7,US,NA,NA,16,ID,001,ADA,|,16-001-0020
460710001,PM2.5,0001,Badlands,Active,SD1,South Dakota Department of Agriculture and Natural Resources,R8,43.746944,-101.941109,730.5,-7,US,NA,NA,46,SD,071,JACKSON,|,46-071-0001
530350007,PM2.5,0007,Bremerton-Spruce Ave,Active,WA1,Washington Department of Ecology,R10,47.592675,-122.627397,77.8,-8,US,NA,NA,53,WA,035,KITSAP,|,53-035-0007
530070007,PM2.5,0007,Chelan-Woodin Ave,Active,WA1,Washington Department of Ecology,R10,47.83861,-120.02306,327,-8,US,NA,NA,53,WA,007,CHELAN,|,53-007-0007
530610020,PM2.5,0020,Darrington-Fir St,Active,WA1,Washington Department of Ecology,R10,48.246799,-121.603104,182.1,-8,US,42660,"Seattle-Tacoma-Bellevue, WA",53,WA,061,SNOHOMISH,|,53-061-0020
530090013,PM2.5,0013,Cheeka Peak,Active,WA1,Washington Department of Ecology,R10,48.2867,-124.6203,466.7,-8,US,38820,"Port Angeles, WA",53,WA,009,CLALLAM,|,53-009-0013
300530018,PM2.5,0018,Libby Courthouse,Active,MT1,Montana DEQ,R8,48.391672,-115.55228,2033.1,-7,US,NA,NA,30,MT,053,LINCOLN,|,30-053-0018
210373002,PM2.5,3002,NKU,Active,KY1,Kentucky DEP,R4,39.0217,-84.4744,0,-5,US,17140,"Cincinnati-Middletown, OH-KY-IN",21,KY,037,CAMPBELL,|,21-037-3002
840MMCA82022,PM2.5,2022,MMCA82022,Active,CA8,California Air Resources Board,R9,39.09837,-123.18793,0,-8,US,NA,NA,MM,MM,CA8,CA8 - ARB,|,MM-CA8-2022
840180030015,PM2.5,0015,Ft Wayne - Coliseum,Active,IN4,Indiana Dept. of Environmental Management,R5,41.08184,-85.08834,0,-5,US,23060,"Fort Wayne, IN",18,IN,003,ALLEN,|,18-003-0015
230050029,PM2.5,0029,Portland - Deering Oaks,Active,ME1,Maine Dept. of Environmental Protection,R1,43.660248,-70.268967,0,-5,US,38860,"Portland-South Portland-Biddeford, ME",23,ME,005,CUMBERLAND,|,23-005-0029
530330030,PM2.5,0030,Seattle-10th & Weller,Active,WA1,Washington Department of Ecology,R10,47.597222,-122.319722,41.8,-8,US,42660,"Seattle-Tacoma-Bellevue, WA",53,WA,033,KING,|,53-033-0030
530630021,PM2.5,0021,Spokane-Augusta Ave,Active,WA1,Washington Department of Ecology,R10,47.672501,-117.364899,585.3,-8,US,44060,"Spokane, WA",53,WA,063,SPOKANE,|,53-063-0021
840160550015,PM2.5,0015,Nursery Rd.,Active,ID1,Idaho Department of Environmental Quality,R10,47.715385,-116.827245,0,-8,US,NA,NA,16,ID,055,KOOTENAI,|,16-055-0015
840530610021,PM2.5,0021,Tulalip-Totem Beach Rd,Active,WA1,Washington Department of Ecology,R10,48.065339,-122.285194,9.8,-8,US,42660,"Seattle-Tacoma-Bellevue, WA",53,WA,061,SNOHOMISH,|,53-061-0021
840160170006,PM2.5,0006,Sandpoint,Active,ID1,Idaho Department of Environmental Quality,R10,48.272,-116.569,0,-8,US,NA,NA,16,ID,017,BONNER,|,16-017-0006
530299999,PM2.5,9999,Oak Harbor-SW 6th (US),Active,WA1,Washington Department of Ecology,R10,48.294399,-122.660004,9.8,-8,US,NA,NA,53,WA,029,ISLAND,|,53-029-9999
530470013,PM2.5,0013,Omak-Colville Tribe,Active,WA1,Washington Department of Ecology,R10,48.39999,-119.518959,262.9,-8,US,NA,NA,53,WA,047,OKANOGAN,|,53-047-0013
124CC0090607,PM2.5,0607,Gibbons,Active,AB1,Alberta Environmental Monitoring and Reporting Agency (AEMERA),CA,53.827241,-113.327174,0,-7,CA,NA,NA,na,N/A,N/A,N/A,|,na-N/A-0607
TPCD0059T,PM2.5,059T,The Government Public Relations Department,Active,TPCD,Thailand Pollution Control Department,NA,13.783185,100.540489,0,7,NA,NA,NA,na,N/A,N/A,N/A,|,na-N/A-059T
764TPCD0020T,PM2.5,020T,Bangkok University Rangsit Campus,Active,TPCD,Thailand Pollution Control Department,NA,14.03742,100.605216,0,7,NA,NA,NA,na,N/A,N/A,N/A,|,na-N/A-020T
201950001,PM2.5,0001,Cedar Bluff,Active,KS1,Kansas Dept. of Health and Environment,R7,38.7703,-99.7636,0,-6,US,NA,NA,20,KS,195,TREGO,|,20-195-0001
080690009,PM2.5,0009,Ft. Collins - CSU Facilities,Active,CO1,Colorado Department of Public Health and Environment,R8,40.571259,-105.079765,1525.9,-7,US,NA,NA,08,CO,069,LARIMER,|,08-069-0009
120310032,PM2.5,0032,Kooker Park,Active,FL3,City of Jacksonville - Environmental Quality Division,R4,30.356111,-81.635556,0,-5,US,NA,NA,12,FL,031,DUVAL,|,12-031-0032
360050112,PM2.5,0112,Bronx - IS74,Active,NY1,New York Dept. of Environmental Conservation,R2,40.814701,-73.886703,0,-5,US,35620,"New York-Northern New Jersey-Long Island, NY-NJ-PA",36,NY,005,BRONX,|,36-005-0112
361010003,PM2.5,0003,Pinnacle State Park,Active,NY1,New York Dept. of Environmental Conservation,R2,42.0972,-77.2103,0,-5,US,18500,"Corning, NY",36,NY,101,STEUBEN,|,36-101-0003
360470052,PM2.5,0052,Bklyn - PS 314,Active,NY1,New York Dept. of Environmental Conservation,R2,40.641819,-74.018707,0,-5,US,NA,NA,36,NY,047,KINGS,|,36-047-0052
795ABT010001,PM2.5,0001,Ashgabat,Active,ABT,U.S. Department of State Turkmenistan - Ashgabat,DSTX,37.9415,58.3879,0,5,TX,NA,NA,na,N/A,N/A,N/A,|,na-N/A-0001
261610008,PM2.5,0008,YPSILANTI,Active,MI1,"Michigan Department of Environment, Great Lakes, and Energy",R5,42.24,-83.5997,0,-5,US,11460,"Ann Arbor, MI",26,MI,161,WASHTENAW,|,26-161-0008
271377550,PM2.5,7550,Duluth-WDSE,Active,MN1,Minnesota Pollution Control Agency,R5,46.8183,-92.0892,0,-6,US,20260,"Duluth, MN-WI",27,MN,137,ST. LOUIS,|,27-137-7550
270531904,PM2.5,1904,Minneapolis - East Phillips Community,Active,MN1,Minnesota Pollution Control Agency,R5,44.95208,-93.24428,0,-6,US,NA,NA,27,MN,053,HENNEPIN,|,27-053-1904
120861016,PM2.5,1016,Miami Fire Station #5,Active,FL1,Florida Dept. of Environmental Protection,R4,25.7947,-80.2156,0,-5,US,33100,"Miami-Fort Lauderdale-Miami Beach, FL",12,FL,086,MIAMI - DADE,|,12-086-1016
190450019,PM2.5,0019,"Clinton, Chancy Park",Active,IA1,Iowa DNR,R7,41.823101,-90.211899,0,-6,US,17540,"Clinton, IA",19,IA,045,CLINTON,|,19-045-0019
230172011,PM2.5,2011,Rumford,Active,ME1,Maine Dept. of Environmental Protection,R1,44.5514,-70.5463,134.8,-5,US,NA,NA,23,ME,017,OXFORD,|,23-017-2011
240430009,PM2.5,0009,Hagerstown,Active,MD1,Maryland Department of the Environment,R3,39.565601,-77.721901,163.5,-5,US,25180,"Hagerstown-Martinsburg, MD-WV",24,MD,043,WASHINGTON,|,24-043-0009
840470931017,PM2.5,1017,Rule,Active,TN4,Knox County Dept. of Air Quality Management ,R4,35.97773,-83.9504,2.1,-5,US,28940,"Knoxville, TN",47,TN,093,KNOX,|,47-093-1017
530130002,PM2.5,0002,Dayton-W Main,Active,WA1,Washington Department of Ecology,R10,46.318,-117.985,464.2,-8,US,NA,NA,53,WA,013,COLUMBIA,|,53-013-0002
530251003,PM2.5,1003,Quincy 3rd,Active,WA1,Washington Department of Ecology,R10,47.24126,-119.84595,0,-8,US,NA,NA,53,WA,025,GRANT,|,53-025-1003
840530230001,PM2.5,0001,Pomeroy-Pataha St,Active,WA1,Washington Department of Ecology,R10,46.474438,-117.614764,0,-8,US,NA,NA,53,WA,023,GARFIELD,|,53-023-0001
840390610014,PM2.5,0014,Carthage,Active,OH1,Ohio EPA-DAPC,R5,39.194331,-84.478974,0,-5,US,NA,NA,39,OH,061,HAMILTON,|,39-061-0014
CC0050138,PM2.5,0138,York-Roberval,Active,QC2,Canada-Quebec2,CA,45.464611,-73.582583,0,-5,CA,NA,NA,na,N/A,N/A,N/A,|,na-N/A-0138
410330036,PM2.5,0036,Cave Junction Forest Service,Active,OR1,Oregon Dept. of Environmental Quality,R10,42.1617,-123.64835,407.8,-8,US,NA,NA,41,OR,033,JOSEPHINE,|,41-033-0036
060850005,PM2.5,0005,San Jose - Jackson St.,Active,CA2,San Francisco Bay Area AQMD,R9,37.3483,-121.8947,9.5,-8,US,41940,"San Jose-Sunnyvale-Santa Clara, CA",06,CA,085,SANTA CLARA,|,06-085-0005
550090005,PM2.5,0005,GREEN BAY E HIGH,Active,WI1,Wisconsin Dept. of Natural Resources,R5,44.5167,-87.9939,0,-6,US,24580,"Green Bay, WI",55,WI,009,BROWN,|,55-009-0005
060659001,PM2.5,9001,Lake Elsinore - W. Flint Street,Active,CA3,South Coast AQMD,R9,33.676535,-117.331027,134.2,-8,US,40140,"Riverside-San Bernardino-Ontario, CA",06,CA,065,RIVERSIDE,|,06-065-9001
160570005,PM2.5,0005,Moscow,Active,ID1,Idaho Department of Environmental Quality,R10,46.728199,-116.954597,0,-8,US,34140,"Moscow, ID",16,ID,057,LATAH,|,16-057-0005
121275002,PM2.5,5002,Blind Services; 1185-A Dunn Ave,Active,FL1,Florida Dept. of Environmental Protection,R4,29.2069,-81.0531,0,-5,US,19660,"Deltona-Daytona Beach-Ormond Beach, FL",12,FL,127,VOLUSIA,|,12-127-5002
370630015,PM2.5,0015,Durham Armory,Active,NC1,North Carolina DEQ - Division of Air Quality,R4,36.032955,-78.904037,118,-5,US,20500,"Durham, NC",37,NC,063,DURHAM,|,37-063-0015
000052001,PM2.5,2001,Charette,Active,QC1,Canada-Quebec1,CA,46.4425,-72.8928,116.8,-5,CA,NA,NA,00,CC,005,QUEBEC,|,00-005-2001
390490081,PM2.5,0081,Maple Canyon,Active,OH1,Ohio EPA-DAPC,R5,40.087807,-82.959585,0,-5,US,18140,"Columbus, OH",39,OH,049,FRANKLIN,|,39-049-0081
060376012,PM2.5,6012,Santa Clarita,Active,CA3,South Coast AQMD,R9,34.3833,-118.5283,116.8,-8,US,31100,"Los Angeles-Long Beach-Santa Ana, CA",06,CA,037,LOS ANGELES,|,06-037-6012
410430104,PM2.5,0104,Mill City,Active,OR1,Oregon Dept. of Environmental Quality,R10,44.752092,-122.479672,0,-8,US,NA,NA,41,OR,043,LINN,|,41-043-0104
840420750101,PM2.5,0101,Lebanon,Active,PA1,Pennsylvania Dept. of Environmental Protection,R3,40.338516,-76.394788,43.9,-5,US,NA,NA,42,PA,075,LEBANON,|,42-075-0101
470931013,PM2.5,1013,AIR LAB,Active,TN4,Knox County Dept. of Air Quality Management ,R4,35.9803,-83.9306,0,-5,US,28940,"Knoxville, TN",47,TN,093,KNOX,|,47-093-1013
130511002,PM2.5,1002,Savannah L&A,Active,GA1,Georgia Department of Natural Resources,R4,32.0903,-81.1306,11.9,-5,US,42340,"Savannah, GA",13,GA,051,CHATHAM,|,13-051-1002
80011G013,PM2.5,G013,Estaci¢n DIF,Active,IEG,Secretar°a de Medio Ambiente y Ordenamiento Territorial,MX,20.558153,-101.20485,500.2,-6,MX,NA,NA,80,MX,011,GUANAJUATO,|,80-011-G013
840540090011,PM2.5,0011,"MARLAND HTS, WEIRTON",Active,WV2,West Virginia Division of Air Quality - Wheeling,R3,40.39458,-80.61202,0,-5,US,48260,"Weirton-Steubenville, WV-OH",54,WV,009,BROOKE,|,54-009-0011
000105101,PM2.5,5101,Houston Firehall,Active,BC1,British Columbia Ministry of Environment,CA,54.3972,-126.645,594.4,-8,CA,NA,NA,00,CC,010,BRITISH COLUMBIA,|,00-010-5101
484530014,PM2.5,0014,Austin North Hills Drive C3,Active,TX1,Texas Commission on Environmental Quality,R6,30.3542,-97.760002,256.2,-6,US,12420,"Austin-Round Rock, TX",48,TX,453,TRAVIS,|,48-453-0014
124000060808,PM2.5,0808,Thunder Bay,Active,ON1,Ontario Ministry of the Environment,CA,48.379389,-89.290167,0,-5,CA,NA,NA,na,N/A,N/A,N/A,|,na-N/A-0808
000061802,PM2.5,1802,Guelph,Active,ON1,Ontario Ministry of the Environment,CA,43.551611,-80.264167,0,-5,CA,NA,NA,00,CC,006,ONTARIO,|,00-006-1802
124000103021,PM2.5,3021,Sparwood Centennial Square,Active,BC1,British Columbia Ministry of Environment,CA,49.732786,-114.88766,1138.6,-8,CA,NA,NA,na,N/A,N/A,N/A,|,na-N/A-3021
840311770002,PM2.5,0002,Blair,Active,NE2,Douglas County Health Department (Omaha),R7,41.550658,-96.146622,0,-6,US,NA,NA,31,NE,177,WASHINGTON,|,31-177-0002
060773005,PM2.5,3005,TracyAP,Active,CA6,San Joaquin Valley Unified APCD,R9,37.6825,-121.4406,0,-8,US,44700,"Stockton, CA",06,CA,077,SAN JOAQUIN,|,06-077-3005
800140006,PM2.5,0006,Las Pintas,Active,SMJ,Sistema de Monitoreo Atmosferico de Jalisco,MX,20.576667,-103.326389,470.6,-6,MX,NA,NA,80,MX,014,JALISCO,|,80-014-0006
124000060445,PM2.5,0445,Toronto Downtown,Active,ON1,Ontario Ministry of the Environment,CA,43.645451,-79.3891,85.1,-5,CA,NA,NA,na,N/A,N/A,N/A,|,na-N/A-0445
000061201,PM2.5,1201,Cornwall,Active,ON1,Ontario Ministry of the Environment,CA,45.017976,-74.735339,0,-5,CA,NA,NA,00,CC,006,ONTARIO,|,00-006-1201
124000100703,PM2.5,0703,Kelowna KLO Road,Active,BC1,British Columbia Ministry of Environment,CA,49.862119,-119.467461,0,-8,CA,NA,NA,na,N/A,N/A,N/A,|,na-N/A-0703
800150334,PM2.5,0334,Xalostoc,Active,MXC,Red de Monitoreo de la Calidad del Aire de la Ciudad de Mexico,MX,19.5259,-99.0824,2161.2,-6,MX,NA,NA,80,MX,015,MEXICO STATE,|,80-015-0334
380070002,PM2.5,0002,Theodore Roosevelt NP - Painted Canyon VC,Active,ND1,North Dakota Department of Environmental Quality,R8,46.949699,-103.514397,0,-7,US,19860,"Dickinson, ND",38,ND,007,BILLINGS,|,38-007-0002
000070119,PM2.5,0119,Winnipeg_Ellens,Active,CN3,Ministry of Environment and Climate Change Strategy,CA,49.9489,-97.3964,0,-6,CA,NA,NA,00,CC,007,MANITOBA,|,00-007-0119
764TPCD0011T,PM2.5,011T,National Housing Huaykwang,Active,TPCD,Thailand Pollution Control Department,NA,13.77553,100.569195,0,7,NA,NA,NA,na,N/A,N/A,N/A,|,na-N/A-011T
260050003,PM2.5,0003,HOLLAND,Active,MI1,"Michigan Department of Environment, Great Lakes, and Energy",R5,42.767799,-86.148598,390.4,-5,US,10880,"Allegan, MI",26,MI,005,ALLEGAN,|,26-005-0003
171430037,PM2.5,0037,PEORIA_J,Active,IL1,Illinois EPA,R5,40.6978,-89.5889,155.6,-6,US,37900,"Peoria, IL",17,IL,143,PEORIA,|,17-143-0037
121150013,PM2.5,0013,Bee Ridge,Active,FL1,Florida Dept. of Environmental Protection,R4,27.2906,-82.5072,0,-5,US,42260,"Sarasota-Bradenton-Venice, FL",12,FL,115,SARASOTA,|,12-115-0013
340273001,PM2.5,3001,Chester,Active,NJ1,New Jersey Dept. of Environmental Protection,R2,40.787628,-74.6763,278.2,-5,US,35620,"New York-Northern New Jersey-Long Island, NY-NJ-PA",34,NJ,027,MORRIS,|,34-027-3001
000050122,PM2.5,0122,Brossard - Parc Sorbonne,Active,QC1,Canada-Quebec1,CA,45.44866,-73.468631,0,-5,CA,NA,NA,00,CC,005,QUEBEC,|,00-005-0122
124000050314,PM2.5,0314,QuÇbec - Charlesbourg,Active,QC1,Canada-Quebec1,CA,46.8615,-71.2572,0,-5,CA,NA,NA,00,CC,005,QUEBEC,|,00-005-0314
450450015,PM2.5,0015,Greenville-ESC,Active,SC1,South Carolina DES,R4,34.843899,-82.414597,308.1,-5,US,24860,"Greenville, SC",45,SC,045,GREENVILLE,|,45-045-0015
530470009,PM2.5,0009,Twisp-S Lincoln St,Active,WA1,Washington Department of Ecology,R10,48.354137,-120.105108,492.3,-8,US,NA,NA,53,WA,007,CHELAN,|,53-007-0009
160790017,PM2.5,0017,Pinehurst,Active,ID1,Idaho Department of Environmental Quality,R10,47.536712,-116.236867,680.5,-8,US,NA,NA,16,ID,079,SHOSHONE,|,16-079-0017
840240112445,PM2.5,2445,Harmony,Active,MD1,Maryland Department of the Environment,R3,38.77841,-75.86964,0,-5,US,NA,NA,24,MD,011,CAROLINE,|,24-011-2445
CC0040104,PM2.5,0104,FREDERICTON-NEEDHAM ST.,Active,NB1,Canada-New Brunswick1,CA,45.957344,-66.645562,0,-4,CA,NA,NA,00,CC,004,NEW BRUNSWICK,|,00-004-0104
060731006,PM2.5,1006,Alpine,Active,CA4,San Diego APCD,R9,32.842297,-116.768326,622.5,-8,US,41740,"San Diego-Carlsbad-San Marcos, CA",06,CA,073,SAN DIEGO,|,06-073-1006
060731022,PM2.5,1022,El Cajon - Lexington Elementary School,Active,CA4,San Diego APCD,R9,32.789561,-116.944222,144,-8,US,41740,"San Diego-Carlsbad-San Marcos, CA",06,CA,073,SAN DIEGO,|,06-073-1022
300130001,PM2.5,0001,Great Falls Overlook Park,Active,MT1,Montana DEQ,R8,47.494318,-111.303317,0,-7,US,NA,NA,30,MT,013,CASCADE,|,30-013-0001
300290049,PM2.5,0049,Columbia Falls,Active,MT1,Montana DEQ,R8,48.363694,-114.189272,0,-7,US,NA,NA,30,MT,029,FLATHEAD,|,30-029-0049
060610004,PM2.5,0004,Colfax,Active,PLA,Placer County APCD,R9,39.1003,-120.9528,0,-8,US,40900,"Sacramento--Arden-Arcade--Roseville, CA",06,CA,061,PLACER,|,06-061-0004
060311004,PM2.5,1004,Hanford - S. Irwin Street,Active,CA6,San Joaquin Valley Unified APCD,R9,36.3144,-119.6436,0,-8,US,25260,"Hanford-Corcoran, CA",06,CA,031,KINGS,|,06-031-1004
000060211,PM2.5,0211,Windsor West,Active,ON1,Ontario Ministry of the Environment,CA,42.292886,-83.073139,0,-5,CA,NA,NA,00,CC,006,ONTARIO,|,00-006-0211
840460130004,PM2.5,0004,Aberdeen,Active,SD1,South Dakota Department of Agriculture and Natural Resources,R8,45.468596,-98.494061,395.3,-6,US,NA,NA,46,SD,013,BROWN,|,46-013-0004
324GN1010001,PM2.5,0001,Conakry,Active,GN1,U.S. Department of State Guinea - Conakry,DSGV,9.5951,-13.6364,0,0,GV,NA,NA,na,N/A,N/A,N/A,|,na-N/A-0001
490130002,PM2.5,0002,Roosevelt,Active,UT1,Utah Department of Environmental Quality,R8,40.2943,-110.009,0,-7,US,NA,NA,49,UT,013,DUCHESNE,|,49-013-0002
261630001,PM2.5,0001,ALLEN PARK,Active,MI1,"Michigan Department of Environment, Great Lakes, and Energy",R5,42.2283,-83.2092,0,-5,US,19820,"Detroit-Warren-Livonia, MI",26,MI,163,WAYNE,|,26-163-0001
290470005,PM2.5,0005,Liberty,Active,MO1,Missouri Department of Natural Resources,R7,39.303056,-94.376389,283.7,-6,US,28140,"Kansas City, MO-KS",29,MO,047,CLAY,|,29-047-0005
840170311016,PM2.5,1016,McCook,Active,IL1,Illinois EPA,R5,41.80117,-87.83194,0,-6,US,16980,"Chicago-Naperville-Joliet, IL-IN-WI",17,IL,031,COOK,|,17-031-1016
250230005,PM2.5,0005,Brockton,Active,MA1,Massachusetts Dept. of Environmental Protection,R1,42.065119,-71.012686,24.1,-5,US,NA,NA,25,MA,023,PLYMOUTH,|,25-023-0005
120330018,PM2.5,0018,Pensacola NAS,Active,FL1,Florida Dept. of Environmental Protection,R4,30.3681,-87.2708,0,-6,US,37860,"Pensacola-Ferry Pass-Brent, FL",12,FL,033,ESCAMBIA,|,12-033-0018
280450003,PM2.5,0003,WAVELAND,Active,MS1,Mississippi DEQ,R4,30.300917,-89.395954,2.7,-6,US,25060,"Gulfport-Biloxi, MS",28,MS,045,HANCOCK,|,28-045-0003
530750005,PM2.5,0005,Lacrosse-Hill St,Active,WA1,Washington Department of Ecology,R10,46.8153,-117.8739,468.2,-8,US,39420,"Pullman, WA",53,WA,075,WHITMAN,|,53-075-0005
371290002,PM2.5,0002,CASTLE H,Active,NC1,North Carolina DEQ - Division of Air Quality,R4,34.364167,-77.838611,4.9,-5,US,48900,"Wilmington, NC",37,NC,129,NEW HANOVER,|,37-129-0002
CC0050134,PM2.5,0134,Molson,Active,QC2,Canada-Quebec2,CA,45.542767,-73.572039,0,-5,CA,NA,NA,na,N/A,N/A,N/A,|,na-N/A-0134
840340011006,PM2.5,1006,Atlantic City PM,Active,NJ1,New Jersey Dept. of Environmental Protection,R2,39.36326,-74.431,2.1,-5,US,12100,"Atlantic City, NJ",34,NJ,001,ATLANTIC,|,34-001-1006
040191034,PM2.5,1034,Coachline,Active,AZ3,Pima County Department of Environmental Quality,R9,32.3806,-111.1272,0,-7,US,46060,"Tucson, AZ",04,AZ,019,PIMA,|,04-019-1034
840410470023,PM2.5,0023,Woodburn Chemeketa Community College,Active,OR1,Oregon Dept. of Environmental Quality,R10,45.143141,-122.854708,55.8,-8,US,41420,"Salem, OR",41,OR,047,MARION,|,41-047-0023
840410190006,PM2.5,0006,Roseburg Green Elementary School,Active,OR1,Oregon Dept. of Environmental Quality,R10,43.14948,-123.38296,151.9,-8,US,NA,NA,41,OR,019,DOUGLAS,|,41-019-0006
040131004,PM2.5,1004,North Phoenix,Active,AZ2,Maricopa County Air Quality Department,R9,33.560299,-112.066299,378.5,-7,US,38060,"Phoenix-Mesa-Scottsdale, AZ",04,AZ,013,MARICOPA,|,04-013-1004
80011G010,PM2.5,G010,Estaci¢n Facultad de Medicina,Active,IEG,Secretar°a de Medio Ambiente y Ordenamiento Territorial,MX,21.133894,-101.68025,553.3,-6,MX,NA,NA,80,MX,011,GUANAJUATO,|,80-011-G010
060772010,PM2.5,2010,Manteca,Active,CA6,San Joaquin Valley Unified APCD,R9,37.8027,-121.2208,0,-8,US,44700,"Stockton, CA",06,CA,077,SAN JOAQUIN,|,06-077-2010
380171004,PM2.5,1004,Fargo NW,Active,ND1,North Dakota Department of Environmental Quality,R8,46.933601,-96.854698,275.1,-6,US,22020,"Fargo, ND-MN",38,ND,017,CASS,|,38-017-1004
124000065101,PM2.5,5101,Newmarket,Active,ON1,Ontario Ministry of the Environment,CA,44.044306,-79.48325,0,-5,CA,NA,NA,na,N/A,N/A,N/A,|,na-N/A-5101
840480611098,PM2.5,1098,Brownsville East 6th St C1098,Active,TX1,Texas Commission on Environmental Quality,R6,25.900911,-97.507784,0,-6,US,NA,NA,48,TX,061,CAMERON,|,48-061-1098
040210001,PM2.5,0001,Casa Grande Downtown,Active,AZ4,Pinal County Air Quality Control District,R9,32.877583,-111.752222,0,-7,US,38060,"Phoenix-Mesa-Scottsdale, AZ",04,AZ,021,PINAL,|,04-021-0001
384CI1010001,PM2.5,0001,Abidjan,Active,CI1,U.S. Department of State Ivory Coast - Abidjan,DSIV,5.36,-4.0083,0,0,IV,NA,NA,na,N/A,N/A,N/A,|,na-N/A-0001
090011123,PM2.5,1123,Danbury,Active,CT1,Connecticut Dept. of Energy and Environmental Protection,R1,41.4014,-73.4447,115.9,-5,US,14860,"Bridgeport-Stamford-Norwalk, CT",09,CT,001,FAIRFIELD,|,09-001-1123
840060379035,PM2.5,9035,Lancaster-Fairgrounds,Active,ANT,Antelope Valley AQMD,R9,34.7254,-118.1786,0,-8,US,NA,NA,06,CA,037,LOS ANGELES,|,06-037-9035
NRB000046,PM2.5,0046,Nairobi CBD,Active,NRB,Nairobi EPA,NA,-1.28156,36.81883,0,3,NA,NA,NA,na,N/A,N/A,N/A,|,na-N/A-0046
260170014,PM2.5,0014,BAY CITY,Active,MI1,"Michigan Department of Environment, Great Lakes, and Energy",R5,43.5714,-83.8908,390.4,-5,US,13020,"Bay City, MI",26,MI,017,BAY,|,26-017-0014
120952002,PM2.5,2002,Winter Park,Active,FL1,Florida Dept. of Environmental Protection,R4,28.5997,-81.3628,0,-5,US,36740,"Orlando-Kissimmee, FL",12,FL,095,ORANGE,|,12-095-2002
121035002,PM2.5,5002,John A. Chesnut Sr. Park,Active,FL1,Florida Dept. of Environmental Protection,R4,28.0903,-82.7008,0,-5,US,45300,"Tampa-St. Petersburg-Clearwater, FL",12,FL,103,PINELLAS,|,12-103-5002
530030004,PM2.5,0004,Clarkston-13th St,Active,WA1,Washington Department of Ecology,R10,46.425598,-117.059799,250.1,-8,US,NA,NA,53,WA,003,ASOTIN,|,53-003-0004
401431127,PM2.5,1127,Tulsa,Active,OK1,Oklahoma Department of Environmental Quality,R6,36.206699,-95.976402,0,-6,US,46140,"Tulsa, OK",40,OK,143,TULSA,|,40-143-1127
390810017,PM2.5,0017,Steubenville,Active,OH1,Ohio EPA-DAPC,R5,40.366452,-80.615691,0,-5,US,48260,"Weirton-Steubenville, WV-OH",39,OH,081,JEFFERSON,|,39-081-0017
420050001,PM2.5,0001,Kittanning,Active,PA1,Pennsylvania Dept. of Environmental Protection,R3,40.8142,-79.565,0,-5,US,38300,"Pittsburgh, PA",42,PA,005,ARMSTRONG,|,42-005-0001
160210002,PM2.5,0002,Boundary County,Active,ID1,Idaho Department of Environmental Quality,R10,48.705551,-116.368965,0,-8,US,NA,NA,16,ID,021,BOUNDARY,|,16-021-0002
840410172002,PM2.5,2002,La Pine Rural Fire Dept,Active,OR1,Oregon Dept. of Environmental Quality,R10,43.70376,-121.5273,1293.8,-8,US,NA,NA,41,OR,017,DESCHUTES,|,41-017-2002
840410270001,PM2.5,0001,Hood River West Side FD,Active,OR1,Oregon Dept. of Environmental Quality,R10,45.685138,-121.527478,171.1,-8,US,NA,NA,41,OR,027,HOOD RIVER,|,41-027-0001
000101202,PM2.5,1202,Pitt Meadows,Active,BC2,Metro Vancouver,CA,49.24528,-122.70889,0,-8,CA,NA,NA,00,CC,010,BRITISH COLUMBIA,|,00-010-1202
360310003,PM2.5,0003,Whiteface Mtn,Active,NY1,New York Dept. of Environmental Conservation,R2,44.39308,-73.8589,0,-5,US,NA,NA,36,NY,031,ESSEX,|,36-031-0003
762DUS010001,PM2.5,0001,Dushanbe,Active,DUS,U.S. Department of State Tajikistan - Dushanbe,DSTI,38.557671,68.775917,0,5,TI,NA,NA,na,N/A,N/A,N/A,|,na-N/A-0001
170434002,PM2.5,4002,Naperville,Active,IL1,Illinois EPA,R5,41.7714,-88.1522,0,-6,US,16980,"Chicago-Naperville-Joliet, IL-IN-WI",17,IL,043,DU PAGE,|,17-043-4002
230031008,PM2.5,1008,Presque Isle Regional Office,Active,ME1,Maine Dept. of Environmental Protection,R1,46.69838,-68.038933,0,-5,US,NA,NA,23,ME,003,AROOSTOOK,|,23-003-1008
UB1010001,PM2.5,0001,Ulaanbaatar,Active,UB1,U.S. Department of State Mongolia - Ulaanbaatar,DSMG,47.928385,106.92947,0,8,MG,NA,NA,na,N/A,N/A,N/A,|,na-N/A-0001
840420031301,PM2.5,1301,North Braddock,Active,PA3,Allegheny County,R3,40.402267,-79.860942,269.9,-5,US,38300,"Pittsburgh, PA",42,PA,003,ALLEGHENY,|,42-003-1301
550870009,PM2.5,0009,APPLETON AAL,Active,WI1,Wisconsin Dept. of Natural Resources,R5,44.3069,-88.3956,0,-6,US,11540,"Appleton, WI",55,WI,087,OUTAGAMIE,|,55-087-0009
000051501,PM2.5,1501,Saint-ZÇphirin-de-Courval,Active,QC1,Canada-Quebec1,CA,46.0419,-72.66,53.4,-5,CA,NA,NA,00,CC,005,QUEBEC,|,00-005-1501
420270100,PM2.5,0100,State College,Active,PA1,Pennsylvania Dept. of Environmental Protection,R3,40.8114,-77.8769,0,-5,US,44300,"State College, PA",42,PA,027,CENTRE,|,42-027-0100
000030113,PM2.5,0113,JOHNSTON BUILDING -,Active,NS1,Canada-Nova Scotia1,CA,44.647175,-63.573689,29,-4,CA,NA,NA,00,CC,003,NOVA SCOTIA,|,00-003-0113
550790010,PM2.5,0010,MILWAUKEE 16TH ST,Active,WI1,Wisconsin Dept. of Natural Resources,R5,43.0178,-87.9333,0,-6,US,33340,"Milwaukee-Waukesha-West Allis, WI",55,WI,079,MILWAUKEE,|,55-079-0010
160491011,PM2.5,1011,Cottonwood,Active,ID1,Idaho Department of Environmental Quality,R10,46.061322,-116.3467,1091.6,-8,US,NA,NA,16,ID,049,IDAHO,|,16-049-1011
840410510032,PM2.5,0032,Portland Lane Middle School,Active,OR1,Oregon Dept. of Environmental Quality,R10,45.47142,-122.60147,76.9,-8,US,NA,NA,41,OR,051,MULTNOMAH,|,41-051-0032
CC0041302,PM2.5,1302,BATHURST,Active,NB1,Canada-New Brunswick1,CA,47.609528,-65.633528,29.9,-4,CA,NA,NA,00,CC,004,NEW BRUNSWICK,|,00-004-1302
CC0041501,PM2.5,1501,EDMUNDSTON QUEEN ST.,Active,NB1,Canada-New Brunswick1,CA,47.363195,-68.322302,0,-4,CA,NA,NA,00,CC,004,NEW BRUNSWICK,|,00-004-1501
060731014,PM2.5,1014,Otay Mesa - Donovan,Active,CA4,San Diego APCD,R9,32.579361,-116.929486,184.8,-8,US,41740,"San Diego-Carlsbad-San Marcos, CA",06,CA,073,SAN DIEGO,|,06-073-1014
160490002,PM2.5,0002,Grangeville,Active,ID1,Idaho Department of Environmental Quality,R10,45.931301,-116.115196,0,-8,US,NA,NA,16,ID,049,IDAHO,|,16-049-0002
420150011,PM2.5,0011,Towanda,Active,PA1,Pennsylvania Dept. of Environmental Protection,R3,41.705226,-76.512726,340.1,-5,US,NA,NA,42,PA,015,BRADFORD,|,42-015-0011
840410711003,PM2.5,1003,McMinnville High School,Active,OR1,Oregon Dept. of Environmental Quality,R10,45.21956,-123.19298,0,-8,US,NA,NA,41,OR,071,YAMHILL,|,41-071-1003
471570075,PM2.5,0075,SHELBY FARMS,Active,TN3,Shelby County Health Department,R4,35.151588,-89.85022,87.5,-6,US,32820,"Memphis, TN-MS-AR",47,TN,157,SHELBY,|,47-157-0075
80011G007,PM2.5,G007,Estaci¢n CICEG,Active,IEG,Secretar°a de Medio Ambiente y Ordenamiento Territorial,MX,21.101789,-101.6347,470.6,-6,MX,NA,NA,80,MX,011,GUANAJUATO,|,80-011-G007
401470217,PM2.5,0217,Copan,Active,OK1,Oklahoma Department of Environmental Quality,R6,36.908115,-95.88235,0,-6,US,NA,NA,40,OK,147,WASHINGTON,|,40-147-0217
000100125,PM2.5,0125,North Delta,Active,BC2,Metro Vancouver,CA,49.15833,-122.90167,0,-8,CA,NA,NA,00,CC,010,BRITISH COLUMBIA,|,00-010-0125
840130630091,PM2.5,0091,Forest Park,Active,GA1,Georgia Department of Natural Resources,R4,33.60972,-84.39111,0,-5,US,NA,NA,13,GA,063,CLAYTON,|,13-063-0091
490110004,PM2.5,0004,BV,Active,UT1,Utah Department of Environmental Quality,R8,40.897999,-111.885498,0,-7,US,36260,"Ogden-Clearfield, UT",49,UT,011,DAVIS,|,49-011-0004
840180890034,PM2.5,0034,East Chicago - Marina,Active,IN4,Indiana Dept. of Environmental Management,R5,41.653446,-87.435435,0,-6,US,16980,"Chicago-Naperville-Joliet, IL-IN-WI",18,IN,089,LAKE,|,18-089-0034
TPCD0036T,PM2.5,036T,Yupparaj Wittayalai School,Active,TPCD,Thailand Pollution Control Department,NA,18.791092,98.988666,0,7,NA,NA,NA,na,N/A,N/A,N/A,|,na-N/A-036T
060271023,PM2.5,1023,Bishop Paiute Tribe-CA,Active,BPT,Bishop Paiute Tribe,R9,37.3667,-118.4167,1288.9,-8,US,13860,"Bishop, CA",06,CA,027,INYO,|,06-027-1023
450MAD010001,PM2.5,0001,Antananarivo,Active,MAD,U.S. Department of State Madagascar- Antananarivo,DSMA,-18.90848,47.53751,0,3,MA,NA,NA,na,N/A,N/A,N/A,|,na-N/A-0001
124CC0090136,PM2.5,0136,St Albert,Active,AB1,Alberta Environmental Monitoring and Reporting Agency (AEMERA),CA,53.626972,-113.611917,0,-7,CA,NA,NA,na,N/A,N/A,N/A,|,na-N/A-0136
TPCD0014T,PM2.5,014T,Highway District,Active,TPCD,Thailand Pollution Control Department,NA,13.705488,100.315622,0,7,NA,NA,NA,na,N/A,N/A,N/A,|,na-N/A-014T
150031004,PM2.5,1004,SAND ISLAND 2 - ANUENUE FISHERIES,Active,HI1,Hawaii State Dept. of Health,R9,21.3039,-157.8711,0,-10,US,26180,"Honolulu, HI",15,HI,003,HONOLULU,|,15-003-1004
UZB010001,PM2.5,0001,Tashkent,Active,UZB,U.S. Department of State Uzbekistan - Tashkent,DSUZ,41.3672,69.2725,0,5,UZ,NA,NA,na,N/A,N/A,N/A,|,na-N/A-0001
210190017,PM2.5,0017,FIVCO,Active,KY1,Kentucky DEP,R4,38.4592,-82.6339,0,-5,US,26580,"Huntington-Ashland, WV-KY-OH",21,KY,019,BOYD,|,21-019-0017
320050007,PM2.5,0007,Ranchos,Active,NV3,Nevada Division of Environmental Protection,R9,38.897611,-119.732101,1489.9,-8,US,NA,NA,32,NV,005,DOUGLAS,|,32-005-0007
260490021,PM2.5,0021,FLINT,Active,MI1,"Michigan Department of Environment, Great Lakes, and Energy",R5,43.0289,-83.669403,0,-5,US,22420,"Flint, MI",26,MI,049,GENESEE,|,26-049-0021
517100024,PM2.5,0024,NORFOLK - NOAA,Active,VA1,Virginia Dept. of Environmental Quality,R3,36.85555,-76.30135,0,-5,US,47260,"Virginia Beach-Norfolk-Newport News, VA-NC",51,VA,710,NORFOLK,|,51-710-0024
250095005,PM2.5,5005,Haverhill,Active,MA1,Massachusetts Dept. of Environmental Protection,R1,42.7708,-71.1028,0,-5,US,14460,"Boston-Cambridge-Quincy, MA-NH",25,MA,009,ESSEX,|,25-009-5005
280490021,PM2.5,0021,Hinds CC,Active,MS1,Mississippi DEQ,R4,32.346734,-90.225762,105.8,-6,US,27140,"Jackson, MS",28,MS,049,HINDS,|,28-049-0021
482450021,PM2.5,0021,Thomas Jefferson School C303,Active,TX1,Texas Commission on Environmental Quality,R6,29.9219,-93.9139,0,-6,US,13140,"Beaumont-Port Arthur, TX",48,TX,245,JEFFERSON,|,48-245-0021
530070011,PM2.5,0011,Wenatchee-Fifth St,Active,WA1,Washington Department of Ecology,R10,47.43061,-120.34195,79.3,-8,US,NA,NA,53,WA,007,CHELAN,|,53-007-0011
840420033007,PM2.5,3007,Clairton,Active,PA3,Allegheny County,R3,40.294381,-79.885303,285.2,-5,US,38300,"Pittsburgh, PA",42,PA,003,ALLEGHENY,|,42-003-3007
CC0010401,PM2.5,0401,Mount Pearl,Active,NL1,Newfoundland & Labrador DEC,CA,47.50513,-52.7948,0,-3.5,CA,NA,NA,00,CC,001,NEWFOUNDLAND,|,00-001-0401
060750005,PM2.5,0005,San Francisco,Active,CA2,San Francisco Bay Area AQMD,R9,37.7658,-122.3978,1.5,-8,US,41860,"San Francisco-Oakland-Fremont, CA",06,CA,075,SAN FRANCISCO,|,06-075-0005
391450013,PM2.5,0013,Portsmouth Water Treatment Plant,Active,OH1,Ohio EPA-DAPC,R5,38.754595,-82.917,298.9,-5,US,39020,"Portsmouth, OH",39,OH,145,SCIOTO,|,39-145-0013
840410512011,PM2.5,2011,Portland Cully Helensview School,Active,OR1,Oregon Dept. of Environmental Quality,R10,45.562203,-122.575624,0,-8,US,38900,"Portland-Vancouver-Beaverton, OR-WA",41,OR,051,MULTNOMAH,|,41-051-2011
840410510039,PM2.5,0039,Portland McDaniel High School,Active,OR1,Oregon Dept. of Environmental Quality,R10,45.5418,-122.5795,80.8,-8,US,38900,"Portland-Vancouver-Beaverton, OR-WA",41,OR,051,MULTNOMAH,|,41-051-0039
160571012,PM2.5,1012,Juliaetta,Active,ID1,Idaho Department of Environmental Quality,R10,46.578731,-116.708958,343.7,-8,US,NA,NA,16,ID,057,LATAH,|,16-057-1012
80039NO02,PM2.5,NO02,Garcia,Active,SMA,Sistema Integral de Monitoreo Ambiental,MX,25.78343,-100.58587,159.2,-6,MX,NA,NA,80,MX,039,NUEVO LEON,|,80-039-NO02
132150008,PM2.5,0008,Columbus Airport,Active,GA1,Georgia Department of Natural Resources,R4,32.5214,-84.9436,0,-5,US,17980,"Columbus, GA-AL",13,GA,215,MUSCOGEE,|,13-215-0008
410391009,PM2.5,1009,Springfield City Hall,Active,OR2,Lane Regional Air Protection Agency,R10,44.046683,-123.017736,149.5,-8,US,21660,"Eugene-Springfield, OR",41,OR,039,LANE,|,41-039-1009
840MMCA82026,PM2.5,2026,MMCA82026,Active,CA8,California Air Resources Board,R9,38.71386,-120.59137,0,-8,US,NA,NA,MM,MM,CA8,CA8 - ARB,|,MM-CA8-2026
000105504,PM2.5,5504,FORT ST JOHN LEARNING CENTRE,Active,BC1,British Columbia Ministry of Environment,CA,56.244722,-120.856111,0,-8,CA,NA,NA,00,CC,010,BRITISH COLUMBIA,|,00-010-5504
124000061703,PM2.5,1703,Oshawa,Active,ON1,Ontario Ministry of the Environment,CA,43.952248,-78.91252,0,-5,CA,NA,NA,na,N/A,N/A,N/A,|,na-N/A-1703
840490354002,PM2.5,4002,NR,Active,UT1,Utah Department of Environmental Quality,R8,40.662841,-111.901796,0,-7,US,41620,"Salt Lake City, UT",49,UT,035,SALT LAKE,|,49-035-4002
702NEA000004,PM2.5,0004,West,Active,NEA,Singapore National Environment Agency,NA,1.35735,103.699997,0,8,NA,NA,NA,na,N/A,N/A,N/A,|,na-N/A-0004
CMB010001,PM2.5,0001,Colombo,Active,CMB,U.S. Department of State Sri Lanka - Colombo,DSCE,6.909445,79.875341,51.9,5.5,CE,NA,NA,na,N/A,N/A,N/A,|,na-N/A-0001
CC0090601,PM2.5,0601,Fort Saskatchewan,Active,AB1,Alberta Environmental Monitoring and Reporting Agency (AEMERA),CA,53.6989,-113.2233,0,-7,CA,NA,NA,00,CC,009,ALBERTA,|,00-009-0601
840060299999,PM2.5,9999,Kernville,Active,FS1,Forest Service,USEPA,35.755,-118.4175,0,-8,US,NA,NA,06,CA,029,KERN,|,06-029-9999
764TPCD0016T,PM2.5,016T,South Bangkok Power Plant,Active,TPCD,Thailand Pollution Control Department,NA,13.618,100.5562,0,7,NA,NA,NA,na,N/A,N/A,N/A,|,na-N/A-016T
530730019,PM2.5,0019,Bellingham Pacific,Active,WA1,Washington Department of Ecology,R10,48.760036,-122.456463,0,-8,US,NA,NA,53,WA,073,WHATCOM,|,53-073-0019
390350060,PM2.5,0060,GT Craig NCore PAMS,Active,OH1,Ohio EPA-DAPC,R5,41.492191,-81.678552,298.9,-5,US,17460,"Cleveland-Elyria-Mentor, OH",39,OH,035,CUYAHOGA,|,39-035-0060
060650016,PM2.5,0016,Temecula (Lake Skinner),Active,CA3,South Coast AQMD,R9,33.583099,-117.072197,453.2,-8,US,40140,"Riverside-San Bernardino-Ontario, CA",06,CA,065,RIVERSIDE,|,06-065-0016
CC0050129,PM2.5,0129,Riviäre-des-Prairies,Active,QC2,Canada-Quebec2,CA,45.651722,-73.573896,0,-5,CA,NA,NA,na,N/A,N/A,N/A,|,na-N/A-0129
000030701,PM2.5,0701,AYLESFORD MOUNTAIN,Active,NS1,Canada-Nova Scotia1,CA,45.07254,-64.84025,230,-4,CA,NA,NA,00,CC,003,NOVA SCOTIA,|,00-003-0701
160871004,PM2.5,1004,Weiser PM25,Active,ID1,Idaho Department of Environmental Quality,R10,44.261694,-116.979172,0,-7,US,NA,NA,16,ID,087,WASHINGTON,|,16-087-1004
481410037,PM2.5,0037,El Paso UTEP C12,Active,TX1,Texas Commission on Environmental Quality,R6,31.768056,-106.501111,1159,-7,US,21340,"El Paso, TX",48,TX,141,EL PASO,|,48-141-0037
420410101,PM2.5,0101,Carlisle,Active,PA1,Pennsylvania Dept. of Environmental Protection,R3,40.2464,-77.1867,150.1,-5,US,25420,"Harrisburg-Carlisle, PA",42,PA,041,CUMBERLAND,|,42-041-0101
80039CE01,PM2.5,CE01,Obispado,Active,SMA,Sistema Integral de Monitoreo Ambiental,MX,25.67555,-100.33833,169.6,-6,MX,NA,NA,80,MX,039,NUEVO LEON,|,80-039-CE01
840300170005,PM2.5,0005,Miles City,Active,MT1,Montana DEQ,R8,46.411444,-105.812694,0,-7,US,NA,NA,30,MT,017,CUSTER,|,30-017-0005
000101603,PM2.5,1603,SQUAMISH ELEMENTARY,Active,BC1,British Columbia Ministry of Environment,CA,49.70516,-123.15133,0,-8,CA,NA,NA,00,CC,010,BRITISH COLUMBIA,|,00-010-1603
840460990009,PM2.5,0009,SF-USD,Active,SD1,South Dakota Department of Agriculture and Natural Resources,R8,43.59901,-96.78331,452,-6,US,43620,"Sioux Falls, SD",46,SD,099,MINNEHAHA,|,46-099-0009
180970081,PM2.5,0081,Indpls-W.18th St,Active,IN4,Indiana Dept. of Environmental Management,R5,39.788889,-86.214722,0,-5,US,26900,"Indianapolis, IN",18,IN,097,MARION,|,18-097-0081
CC0092201,PM2.5,2201,Lamont,Active,AB1,Alberta Environmental Monitoring and Reporting Agency (AEMERA),CA,53.75733,-112.778,0,-7,CA,NA,NA,00,CC,009,ALBERTA,|,00-009-2201
480371031,PM2.5,1031,Texarkana New Boston,Active,TX1,Texas Commission on Environmental Quality,R6,33.435489,-94.075671,0,-6,US,45500,"Texarkana, TX-Texarkana, AR",48,TX,037,BOWIE,|,48-037-1031
181410015,PM2.5,0015,South Bend-Shields Dr,Active,IN4,Indiana Dept. of Environmental Management,R5,41.696667,-86.214722,226,-5,US,43780,"South Bend-Mishawaka, IN-MI",18,IN,141,ST. JOSEPH,|,18-141-0015
180890022,PM2.5,0022,Gary-IITRI,Active,IN4,Indiana Dept. of Environmental Management,R5,41.606563,-87.305015,183,-6,US,16980,"Chicago-Naperville-Joliet, IL-IN-WI",18,IN,089,LAKE,|,18-089-0022
CC0092901,PM2.5,2901,Edson,Active,AB1,Alberta Environmental Monitoring and Reporting Agency (AEMERA),CA,53.5936,-116.3928,0,-7,CA,NA,NA,00,CC,009,ALBERTA,|,00-009-2901
CC0090133,PM2.5,0133,Edmonton Woodcroft,Active,AB1,Alberta Environmental Monitoring and Reporting Agency (AEMERA),CA,53.564411,-113.562583,670.4,-7,CA,NA,NA,00,CC,009,ALBERTA,|,00-009-0133
270177417,PM2.5,7417,Fond du Lac,Active,MN1,Minnesota Pollution Control Agency,R5,46.713694,-92.511722,0,-6,US,NA,NA,27,MN,017,CARLTON,|,27-017-7417
800020012,PM2.5,0012,Universidad Autonoma de Baja California,Active,MX1,Baja California,MX,32.6292,-115.4469,0,-8,MX,NA,NA,80,MX,002,BAJA CALIFORNIA NORTE,|,80-002-0012
340110007,PM2.5,0007,Millville,Active,NJ1,New Jersey Dept. of Environmental Protection,R2,39.422272,-75.0252,22,-5,US,47220,"Vineland-Millville-Bridgeton, NJ",34,NJ,011,CUMBERLAND,|,34-011-0007
511130003,PM2.5,0003,Shenandoah NP,Active,VA1,Virginia Dept. of Environmental Quality,R3,38.5231,-78.4347,1073.3,-5,US,NA,NA,51,VA,113,MADISON,|,51-113-0003
000050137,PM2.5,0137,Terrebonne - Parc Vaillant,Active,QC1,Canada-Quebec1,CA,45.70476,-73.65776,34.8,-5,CA,NA,NA,00,CC,005,QUEBEC,|,00-005-0137
CC0010602,PM2.5,0602,MacPherson Avenue - Corner Brook,Active,NL1,Newfoundland & Labrador DEC,CA,48.95224,-57.92207,0,-3.5,CA,NA,NA,00,CC,001,NEWFOUNDLAND,|,00-001-0602
370810013,PM2.5,0013,MENDNHAL,Active,NC1,North Carolina DEQ - Division of Air Quality,R4,36.109006,-79.802314,244.3,-5,US,24660,"Greensboro-High Point, NC",37,NC,081,GUILFORD,|,37-081-0013
371210004,PM2.5,0004,Spruce Pine,Active,NC1,North Carolina DEQ - Division of Air Quality,R4,35.912487,-82.062082,0,-5,US,NA,NA,37,NC,121,MITCHELL,|,37-121-0004
390610010,PM2.5,0010,Colerain,Active,OH1,Ohio EPA-DAPC,R5,39.21494,-84.69086,0,-5,US,17140,"Cincinnati-Middletown, OH-KY-IN",39,OH,061,HAMILTON,|,39-061-0010
410470007,PM2.5,0007,Silverton,Active,OR1,Oregon Dept. of Environmental Quality,R10,45.014998,-122.790382,0,-8,US,NA,NA,41,OR,047,MARION,|,41-047-0007
410290203,PM2.5,0203,Ashland Fire Dept,Active,OR1,Oregon Dept. of Environmental Quality,R10,42.1941,-122.7086,0,-8,US,NA,NA,41,OR,029,JACKSON,|,41-029-0203
840340292002,PM2.5,2002,Toms River,Active,NJ1,New Jersey Dept. of Environmental Protection,R2,39.994908,-74.170447,8.8,-5,US,35620,"New York-Northern New Jersey-Long Island, NY-NJ-PA",34,NJ,029,OCEAN,|,34-029-2002
390250022,PM2.5,0022,Batavia,Active,OH1,Ohio EPA-DAPC,R5,39.0828,-84.1441,110.7,-5,US,17140,"Cincinnati-Middletown, OH-KY-IN",39,OH,025,CLERMONT,|,39-025-0022
124000100141,PM2.5,0141,Vancouver-Clark Drive,Active,BC2,Metro Vancouver,CA,49.26029,-123.077811,29,-8,CA,NA,NA,na,N/A,N/A,N/A,|,na-N/A-0141
060731016,PM2.5,1016,San Diego - Kearny Villa Rd.,Active,CA4,San Diego APCD,R9,32.845467,-117.123894,132.1,-8,US,41740,"San Diego-Carlsbad-San Marcos, CA",06,CA,073,SAN DIEGO,|,06-073-1016
000060104,PM2.5,0104,Ottawa Downtown,Active,ON1,Ontario Ministry of the Environment,CA,45.434333,-75.67599,0,-5,CA,NA,NA,00,CC,006,ONTARIO,|,00-006-0104
000065001,PM2.5,5001,Barrie,Active,ON1,Ontario Ministry of the Environment,CA,44.382338,-79.702446,0,-5,CA,NA,NA,00,CC,006,ONTARIO,|,00-006-5001
484393011,PM2.5,3011,Arlington Municipal Airport C61,Active,TX1,Texas Commission on Environmental Quality,R6,32.6558,-97.0886,0,-6,US,19100,"Dallas-Fort Worth-Arlington, TX",48,TX,439,TARRANT,|,48-439-3011
516500008,PM2.5,0008,HAMPTON,Active,VA1,Virginia Dept. of Environmental Quality,R3,37.10373,-76.38702,4,-5,US,47260,"Virginia Beach-Norfolk-Newport News, VA-NC",51,VA,650,HAMPTON,|,51-650-0008
550730012,PM2.5,0012,LAKE DUBAY,Active,WI1,Wisconsin Dept. of Natural Resources,R5,44.7072,-89.7697,0,-6,US,48140,"Wausau, WI",55,WI,073,MARATHON,|,55-073-0012
040191028,PM2.5,1028,Children's Park Site,Active,AZ3,Pima County Department of Environmental Quality,R9,32.2953,-110.9822,0,-7,US,46060,"Tucson, AZ",04,AZ,019,PIMA,|,04-019-1028
370670022,PM2.5,0022,Hattie Avenue,Active,NC3,Forsyth County Office of Environmental Assistance and Protection,R4,36.110933,-80.224411,281.8,-5,US,49180,"Winston-Salem, NC",37,NC,067,FORSYTH,|,37-067-0022
000052701,PM2.5,2701,Temiscaming,Active,QC1,Canada-Quebec1,CA,46.72139,-79.0997,80.5,-5,CA,NA,NA,00,CC,005,QUEBEC,|,00-005-2701
124000100121,PM2.5,0121,Second Narrows,Active,BC2,Metro Vancouver,CA,49.3,-123.02,0,-8,CA,NA,NA,na,N/A,N/A,N/A,|,na-N/A-0121
132450091,PM2.5,0091,Augusta,Active,GA1,Georgia Department of Natural Resources,R4,33.4333,-82.0219,46.1,-5,US,12260,"Augusta-Richmond County, GA-SC",13,GA,245,RICHMOND,|,13-245-0091
000062001,PM2.5,2001,North Bay,Active,ON1,Ontario Ministry of the Environment,CA,46.32255,-79.449444,0,-5,CA,NA,NA,00,CC,006,ONTARIO,|,00-006-2001
840MMCA82036,PM2.5,2036,MMCA82036,Active,CA8,California Air Resources Board,R9,34.86701,-120.29638,0,-8,US,NA,NA,MM,MM,CA8,CA8 - ARB,|,MM-CA8-2036
840060290020,PM2.5,0020,Mojave - Pat Ave,Active,CA8,California Air Resources Board,R9,35.04944,-118.18893,0,-8,US,12540,"Bakersfield, CA",06,CA,029,KERN,|,06-029-0020
000102801,PM2.5,2801,Elk Falls Dogwood,Active,BC1,British Columbia Ministry of Environment,CA,50.018425,-125.2484,60.1,-8,CA,NA,NA,00,CC,010,BRITISH COLUMBIA,|,00-010-2801
000065801,PM2.5,5801,Chatham,Active,ON1,Ontario Ministry of the Environment,CA,42.403964,-82.208306,14.9,-5,CA,NA,NA,00,CC,006,ONTARIO,|,00-006-5801
180970087,PM2.5,0087,Indpls - I-70 E,Active,IN4,Indiana Dept. of Environmental Management,R5,39.787933,-86.13088,0,-5,US,26900,"Indianapolis, IN",18,IN,097,MARION,|,18-097-0087
290950034,PM2.5,0034,Troost,Active,MO1,Missouri Department of Natural Resources,R7,39.10465,-94.57055,296.2,-6,US,28140,"Kansas City, MO-KS",29,MO,095,JACKSON,|,29-095-0034
550350014,PM2.5,0014,Eau Claire,Active,WI1,Wisconsin Dept. of Natural Resources,R5,44.761398,-91.413002,0,-6,US,NA,NA,55,WI,035,EAU CLAIRE,|,55-035-0014
530570015,PM2.5,0015,Mt Vernon-S 2nd St,Active,WA1,Washington Department of Ecology,R10,48.410198,-122.337601,6.7,-8,US,34580,"Mount Vernon-Anacortes, WA",53,WA,057,SKAGIT,|,53-057-0015
840530630054,PM2.5,0054,Spokane-E Sprague Ave,Active,WA1,Washington Department of Ecology,R10,47.65709,-117.3678,0,-8,US,NA,NA,53,WA,063,SPOKANE,|,53-063-0054
000054703,PM2.5,4703,BÇcancour,Active,QC1,Canada-Quebec1,CA,46.35,-72.4333,7.9,-5,CA,NA,NA,00,CC,005,QUEBEC,|,00-005-4703
160190011,PM2.5,0011,Idaho Falls PM2.5,Active,ID1,Idaho Department of Environmental Quality,R10,43.464696000000004,-112.046503,1429.5,-7,US,26820,"Idaho Falls, ID",16,ID,019,BONNEVILLE,|,16-019-0011
131210056,PM2.5,0056,NR-Georgia Tech,Active,GA1,Georgia Department of Natural Resources,R4,33.778315,-84.391418,0,-5,US,12060,"Atlanta-Sandy Springs-Marietta, GA",13,GA,121,FULTON,|,13-121-0056
000103905,PM2.5,3905,Kitimat Haisla Village,Active,BC1,British Columbia Ministry of Environment,CA,53.973228,-128.650768,0,-8,CA,NA,NA,00,CC,010,BRITISH COLUMBIA,|,00-010-3905
124000103011,PM2.5,3011,Elkford Rocky Mountain Elementary School,Active,BC1,British Columbia Ministry of Environment,CA,50.007794,-114.93342,1333.8,-8,CA,NA,NA,na,N/A,N/A,N/A,|,na-N/A-3011
320311005,PM2.5,1005,Sparks,Active,NV2,Northern Nevada Public Health Air Quality Management Division,R9,39.54092,-119.746764,0,-8,US,39900,"Reno-Sparks, NV",32,NV,031,WASHOE,|,32-031-1005
371590021,PM2.5,0021,ROCKWELL,Active,NC1,North Carolina DEQ - Division of Air Quality,R4,35.551868,-80.395039,240,-5,US,41580,"Salisbury, NC",37,NC,159,ROWAN,|,37-159-0021
060811001,PM2.5,1001,Redwood City,Active,CA2,San Francisco Bay Area AQMD,R9,37.4828,-122.2022,0.9,-8,US,41860,"San Francisco-Oakland-Fremont, CA",06,CA,081,SAN MATEO,|,06-081-1001
MMGBU1000,PM2.5,1000,PM2.5 Mammoth Lakes EBAM,Active,GBU,Great Basin Unified Air Pollution Control District,R9,37.64568,-118.96657,0,-8,US,NA,NA,MM,MM,GBU,GBU,|,MM-GBU-1000
171630010,PM2.5,0010,East St. Louis,Active,IL1,Illinois EPA,R5,38.611893,-90.160614,123.8,-6,US,41180,"St. Louis, MO-IL",17,IL,163,ST. CLAIR,|,17-163-0010
060670006,PM2.5,0006,Arden Arcade - Del Paso Manor,Active,CA1,Sacramento Metro. AQMD,R9,38.613804,-121.368007,25.3,-8,US,40900,"Sacramento--Arden-Arcade--Roseville, CA",06,CA,067,SACRAMENTO,|,06-067-0006
391510020,PM2.5,0020,Canton,Active,OH1,Ohio EPA-DAPC,R5,40.800717,-81.373,311.1,-5,US,15940,"Canton-Massillon, OH",39,OH,151,STARK,|,39-151-0020
840460270001,PM2.5,0001,Vermillion,Active,SD1,South Dakota Department of Agriculture and Natural Resources,R8,42.789453,-96.903867,0,-6,US,NA,NA,46,SD,027,CLAY,|,46-027-0001
000020301,PM2.5,0301,WELLINGTON,Active,PE1,Canada-Prince Edward Island1,CA,46.4783,-63.9869,33.9,-4,CA,NA,NA,00,CC,002,PRINCE EDWARD ISLAND,|,00-002-0301
000060709,PM2.5,0709,Sault Ste Marie,Active,ON1,Ontario Ministry of the Environment,CA,46.533194,-84.309917,0,-5,CA,NA,NA,00,CC,006,ONTARIO,|,00-006-0709
840020900040,PM2.5,0040,A Street,Active,AK1,State of Alaska DEC,R10,64.845931,-147.693278,0,-9,US,21820,"Fairbanks, AK",02,AK,090,FAIRBANKS NORTH STAR,|,02-090-0040
840150013033,PM2.5,3033,NAALEHU,Active,HI1,Hawaii State Dept. of Health,R9,19.060655,-155.579159,136.9,-10,US,NA,NA,15,HI,001,HAWAII,|,15-001-3033
150012016,PM2.5,2016,Pahala,Active,HI1,Hawaii State Dept. of Health,R9,19.2065,-155.4689,0,-10,US,25900,"Hilo, HI",15,HI,001,HAWAII,|,15-001-2016
800090072,PM2.5,0072,UAM Iztapalapa,Active,MXC,Red de Monitoreo de la Calidad del Aire de la Ciudad de Mexico,MX,19.3607,-99.0738,2222.2,-6,MX,NA,NA,80,MX,009,DISTRITO FEDERAL,|,80-009-0072
800151041,PM2.5,1041,Tlalnepantla,Active,MXC,Red de Monitoreo de la Calidad del Aire de la Ciudad de Mexico,MX,19.529,-99.2045,2312.5,-6,MX,NA,NA,80,MX,015,MEXICO STATE,|,80-015-1041
220150008,PM2.5,0008,Shreveport Airport,Active,LA1,Louisiana Department of Environmental Quality,R6,32.5364,-93.7492,0,-6,US,43340,"Shreveport-Bossier City, LA",22,LA,015,BOSSIER,|,22-015-0008
